H3_numbering,abs_diffsel,positive_diffsel,negative_diffsel,max_diffsel,min_diffsel,domain,chain,chain_site,site
-16,7.4238752140935755,0.11153885695229014,-7.312336357141285,0.11153885695229014,-1.1057981860101966,HA1,A,-16,1
-15,7.117878115481345,2.6661924850054466,-4.4516856304758985,0.6042772561219539,-0.8486023363483555,HA1,A,-15,2
-14,3.6253574628100527,1.1039152049790473,-2.5214422578310054,0.4327335418009885,-0.7862609056100854,HA1,A,-14,3
-13,3.8944761493349933,0.20867048394621576,-3.6858056653887767,0.20867048394621576,-0.6723115587990219,HA1,A,-13,4
-12,4.363903532665449,1.63346915932422,-2.73043437334123,0.3639577977927537,-1.177473835776416,HA1,A,-12,5
-11,0.7717372109193743,0.26687384208788983,-0.5048633688314844,0.2461913051630117,-0.485433187574156,HA1,A,-11,6
-10,5.1866988543200465,1.7695628613879135,-3.417135992932134,0.5282779309090855,-0.7822919777316228,HA1,A,-10,7
-9,1.4103054915404152,0.7945512374426537,-0.6157542540977613,0.25500042594363903,-0.2621157520733912,HA1,A,-9,8
-8,4.370288543519476,0.7232754938825374,-3.6470130496369375,0.2517094699206544,-0.8825582407151815,HA1,A,-8,9
-7,7.310050637323303,2.0751770974948247,-5.2348735398284765,0.7533298444557867,-0.9160039429107064,HA1,A,-7,10
-6,5.785124575616836,2.480602938166375,-3.3045216374504616,0.8144992885403531,-0.7736371410920795,HA1,A,-6,11
-5,3.219389644306053,0.9962495957332488,-2.2231400485728043,0.7723448417725336,-0.5284389331429771,HA1,A,-5,12
-4,2.562886450292268,1.1429848425986275,-1.4199016076936408,0.3871056579800689,-0.6761729937041041,HA1,A,-4,13
-3,6.024549030517298,3.3631227893710696,-2.6614262411462257,1.0240335223283208,-0.8034498197676188,HA1,A,-3,14
-2,6.580012976065872,0.8809257829728239,-5.69908719309305,0.4472187775722201,-1.1786994529388874,HA1,A,-2,15
-1,1.3022485800067287,0.2127581744763236,-1.089490405530405,0.18866925307751528,-0.7254298849117349,HA1,A,-1,16
1,6.563570148713668,3.633976353670013,-2.9295937950436537,0.7555746922821837,-0.6229369309715462,HA1,A,1,17
2,3.395773079156549,0.7038590896907602,-2.6919139894657893,0.26637759989871496,-0.5911519720752422,HA1,A,2,18
3,5.709753567014407,2.1385753721848118,-3.5711781948295944,0.731419821380336,-0.7185389058622338,HA1,A,3,19
4,4.043344948085924,2.3487542027109454,-1.6945907453749784,1.144407360035646,-0.5121194791284986,HA1,A,4,20
5,5.822996208334316,1.6114054246816982,-4.211590783652617,0.43156850286159787,-1.0245100799548337,HA1,A,5,21
6,4.8319175235470055,1.9903964195869743,-2.841521103960032,1.2460734638994002,-0.740594991433021,HA1,A,6,22
7,5.308654042192911,2.6420106400305543,-2.6666434021623577,0.8761810678650748,-0.6155657720796521,HA1,A,7,23
8,6.9895821706774335,2.0080736689328647,-4.981508501744568,0.9296257025486844,-0.8486460514797325,HA1,A,8,24
9,6.30537109026136,1.2827378644321108,-5.0226332258292485,0.3536368385551757,-1.3030147147242537,HA1,A,9,25
10,4.640071562045778,1.020449784097608,-3.6196217779481694,0.6087393987680718,-0.7833715075854312,HA1,A,10,26
11,1.1268297440554602,0.9000677220823399,-0.22676202197312054,0.4618876802497439,-0.2172961172567147,HA1,A,11,27
12,3.058484671768295,2.440511917666854,-0.6179727541014415,1.1376070650389354,-0.2619264442523142,HA1,A,12,28
13,2.6436936751898226,0.2477573696923358,-2.3959363054974867,0.2408482711521349,-0.7306120850455639,HA1,A,13,29
14,2.2275172166158974,0.6851631058538072,-1.5423541107620904,0.5329848173373015,-0.5283980080116502,HA1,A,14,30
15,1.9877986283863216,1.5215550715124062,-0.4662435568739152,0.8687804129249557,-0.2387157876685713,HA1,A,15,31
16,0.4861120762788762,0.39797207617833263,-0.08814000010054354,0.3944048635590861,-0.0335803022913948,HA1,A,16,32
17,1.7755301715662368,0.7014078600921134,-1.0741223114741236,0.4716472879664157,-0.5907458676683519,HA1,A,17,33
18,2.0370995840352424,0.5270229037276211,-1.5100766803076207,0.4488592306854652,-0.6782148375937056,HA1,A,18,34
19,4.531489604339789,0.5094253271488949,-4.022064277190895,0.263205738963578,-0.9968260306154828,HA1,A,19,35
20,1.7299431167471784,0.07346977559523228,-1.656473341151946,0.07295354463404799,-0.6463920190045853,HA1,A,20,36
21,5.352459406333182,0.9500970715229694,-4.4023623348102126,0.4769231098221172,-0.6761023124384925,HA1,A,21,37
22,4.358727630717076,1.7890010886406684,-2.5697265420764084,1.0125855851830137,-0.6002638085832149,HA1,A,22,38
23,2.0207041102359877,0.15293938493798898,-1.8677647252979983,0.14828215663151328,-0.7015408643478918,HA1,A,23,39
24,6.099192777425588,0.3789113239577811,-5.720281453467806,0.3789113239577811,-0.9975022410403602,HA1,A,24,40
25,4.584718006070176,2.1749851325036222,-2.409732873566554,0.5857292164513137,-0.8026974924467934,HA1,A,25,41
26,1.9979973834139249,0.8350558932445478,-1.1629414901693766,0.472403335527631,-0.3755935710273189,HA1,A,26,42
27,4.085656294753587,0.1079834687534305,-3.977672826000157,0.1079834687534305,-0.9969842400056564,HA1,A,27,43
28,3.826519028808381,0.9964468590005542,-2.8300721698078264,0.4523665635749534,-1.013829951563078,HA1,A,28,44
29,1.4325163341132678,0.21459962720512074,-1.2179167069081471,0.20851682613756675,-0.2632268701869865,HA1,A,29,45
30,3.825460962687535,1.5906847388285494,-2.2347762238589857,0.4710489924202088,-1.2233860332650408,HA1,A,30,46
31,2.7210770912649145,1.081504011655459,-1.6395730796094552,0.5135991972702194,-0.4147357726205687,HA1,A,31,47
32,3.079341842415885,1.0967750776742793,-1.9825667647416048,0.3641920391766548,-0.4777186463276238,HA1,A,32,48
33,5.528345664938378,2.221440286216642,-3.3069053787217366,0.5860376987304079,-1.2879852116660229,HA1,A,33,49
34,2.264150070078756,0.4671139655026507,-1.7970361045761043,0.1959254075217836,-0.5582351719031182,HA1,A,34,50
35,3.6537821322790256,0.4593622223422918,-3.1944199099367343,0.2342149322974401,-0.9111187294952978,HA1,A,35,51
36,2.6423682720954837,1.0832596472172955,-1.5591086248781878,0.8193733499294342,-0.2627889193099775,HA1,A,36,52
37,2.6822333772712432,0.9270750019629718,-1.7551583753082711,0.5887934805204209,-0.5256140206013868,HA1,A,37,53
38,4.645330997993827,1.0178891657505311,-3.6274418322432953,0.5882081831775099,-0.8460435691858039,HA1,A,38,54
39,2.485512040257079,0.0026198998123792266,-2.4828921404447,0.0026198998123792266,-0.6607942042295387,HA1,A,39,55
40,3.7584020400051914,0.6148244770552157,-3.143577562949976,0.4164068582231569,-0.6608021383573852,HA1,A,40,56
41,3.223584475232755,1.3392370094153976,-1.884347465817356,0.6778318343327399,-0.6175138810049,HA1,A,41,57
42,2.8580855155540776,1.0437825687591176,-1.8143029467949603,0.6094212887235825,-0.7537557366461879,HA1,A,42,58
43,0.5725463417783679,0.4452465033579198,-0.12729983842044806,0.22123768424396767,-0.12729983842044806,HA1,A,43,59
44,4.9937547921544585,1.20571179314281,-3.788042999011649,0.4852391311929252,-1.0558893698425549,HA1,A,44,60
45,6.3876629056237535,1.8185936126008269,-4.569069293022925,0.5933095168685221,-0.8678718920644615,HA1,A,45,61
46,3.763571012941252,0.5302833644338218,-3.23328764850743,0.3808652451163595,-0.4854960238761129,HA1,A,46,62
47,5.396474920541375,0.7924512823181279,-4.604023638223247,0.2997025618083698,-1.1047308418029986,HA1,A,47,63
48,5.17075736426612,1.6882772347383144,-3.4824801295278056,0.5739541619779188,-0.7659927051158969,HA1,A,48,64
49,3.4146985811434587,0.3898631070624031,-3.024835474081056,0.3274421430661966,-0.8309259045788414,HA1,A,49,65
50,5.435758719062536,2.1963252972670437,-3.2394334217954928,0.6302790863513619,-1.2185910457995808,HA1,A,50,66
51,1.8055481498291088,0.5176852746948738,-1.2878628751342351,0.3211936653449836,-0.7281884791546682,HA1,A,51,67
52,0.9829427790948226,0.05858071893274031,-0.924362060162082,0.055783536926071145,-0.3506542320804665,HA1,A,52,68
53,3.95894526356326,0.6142271165418378,-3.344718147021422,0.3978317228532471,-1.2486507771752,HA1,A,53,69
54,5.8916560798785635,0.2909807620517348,-5.6006753178268305,0.2228113117825396,-1.4014545013174082,HA1,A,54,70
55,1.8318317205971408,0.9307982037325504,-0.9010335168645902,0.4643966509358014,-0.4223660978087326,HA1,A,55,71
56,2.7829359516040832,0.10019626421441227,-2.6827396873896703,0.10019626421441227,-0.6531660619439366,HA1,A,56,72
57,4.813280316801036,2.194744989366828,-2.6185353274342082,0.3970691565851052,-1.0002774255769291,HA1,A,57,73
58,1.4153655058877488,0.01109856562640223,-1.4042669402613466,0.002523001891697919,-0.2632367185502227,HA1,A,58,74
59,1.7350775898456954,0.61633009144739,-1.1187474983983052,0.2633727458236663,-0.28908798884750003,HA1,A,59,75
60,1.3450399082968527,0.4460967171602048,-0.8989431911366481,0.2230483585801024,-0.743646624083397,HA1,A,60,76
61,1.2667298534771267,0.6796994680730442,-0.5870303854040827,0.679410594106548,-0.5820866482025444,HA1,A,61,77
62,2.084852979120144,0.9418842278524696,-1.1429687512676736,0.4719836256918715,-0.3112597036606363,HA1,A,62,78
63,3.737838597535198,0.6728841672209518,-3.0649544303142457,0.4851229509582576,-0.8901276633417092,HA1,A,63,79
64,1.3662690099205663,0.6201301622571636,-0.746138847663403,0.6201301622571636,-0.4875320537770437,HA1,A,64,80
65,1.416697097050761,0.6794345566047362,-0.7372625404460251,0.4164676177832389,-0.2622434074056479,HA1,A,65,81
66,1.6545957618050624,0.0,-1.6545957618050624,0.0,-0.6783644992979979,HA1,A,66,82
67,3.34700823196134,0.9705079682783035,-2.3765002636830364,0.4415855248708481,-1.0773012834055875,HA1,A,67,83
68,1.7613746315688392,0.5816378408054896,-1.1797367907633498,0.29180558119327565,-0.4470709944296664,HA1,A,68,84
69,2.8072465737468417,0.4932457776094187,-2.314000796137424,0.2633604244388817,-0.9276834173293804,HA1,A,69,85
70,1.9478180223825112,1.0555633049096604,-0.8922547174728508,0.6605726284011617,-0.41326876779897787,HA1,A,70,86
71,1.139338934316968,0.5108453808986029,-0.628493553418365,0.2551466862302608,-0.3424926482429701,HA1,A,71,87
72,1.2032093716452326,0.0,-1.2032093716452326,0.0,-0.7303075139689283,HA1,A,72,88
73,2.965149850674432,0.34255209412686394,-2.6225977565475684,0.2459021648271642,-0.6606210838989224,HA1,A,73,89
74,0.6471681615754621,0.0020663773193557366,-0.6451017842561061,0.001970323389674387,-0.26302153755024377,HA1,A,74,90
75,3.088035827950925,0.7451658807093342,-2.3428699472415904,0.295567748061842,-0.7643460376522342,HA1,A,75,91
76,1.606139106797508,0.961818094249504,-0.6443210125480037,0.4440928295504208,-0.2396007553761811,HA1,A,76,92
77,1.3069212233259315,0.2638032485777926,-1.0431179747481392,0.2628438164911301,-0.6265244226439732,HA1,A,77,93
78,3.72081641513385,0.06052723103590366,-3.6602891840979455,0.06052723103590366,-0.5209383408541529,HA1,A,78,94
79,3.754414506787106,1.0457643481193717,-2.708650158667735,0.8516873374863221,-0.8457260066033119,HA1,A,79,95
80,6.397709995532986,1.1139726388840352,-5.28373735664895,0.389924643658254,-0.8001165342348318,HA1,A,80,96
81,3.7064850015645714,0.8298946858275145,-2.8765903157370563,0.41182048012476097,-0.6851037769772159,HA1,A,81,97
82,4.804783358158548,2.007169031337227,-2.7976143268213223,1.3160344981634422,-0.7991430435526239,HA1,A,82,98
83,2.6619321052786598,0.6199131174038699,-2.0420189878747887,0.2714919819580495,-0.6592300840509551,HA1,A,83,99
84,1.1468142271215762,0.4004618601245161,-0.7463523669970604,0.28481489710959496,-0.4855352934805758,HA1,A,84,100
85,2.080327097401237,0.2448818158010445,-1.8354452816001925,0.21958645724566467,-0.5980498508850582,HA1,A,85,101
86,2.3681117866643,0.0,-2.3681117866643,0.0,-0.7738817105153091,HA1,A,86,102
87,2.7087252108831947,1.1733948907369456,-1.5353303201462496,0.5107736320791911,-0.7495941862919276,HA1,A,87,103
88,2.653855713558092,0.3318981249104118,-2.32195758864768,0.21720951512980888,-0.9633542779111984,HA1,A,88,104
89,2.181959433849384,0.0033908937700654275,-2.1785685400793184,0.0033908937700654275,-0.5864758114546411,HA1,A,89,105
90,2.6259842854294195,0.023828057405426352,-2.6021562280239934,0.023828057405426352,-0.8575490379354025,HA1,A,90,106
91,3.3914048272367765,0.8773236013390393,-2.514081225897737,0.3141119621672775,-0.527328131363295,HA1,A,91,107
92,4.517297764881313,0.901328244530905,-3.6159695203504088,0.5008147932108329,-0.5360331402504028,HA1,A,92,108
93,4.264180629934911,0.6888528412991923,-3.5753277886357187,0.6888528412991923,-1.4780516711166345,HA1,A,93,109
94,8.17468314701669,2.9811329043082315,-5.193550242708458,1.0480035327183206,-1.1073982115333951,HA1,A,94,110
95,3.5799084845342826,1.0618352090715928,-2.5180732754626898,0.4960928464383088,-0.8381857528565727,HA1,A,95,111
96,4.580876134196621,0.7996071024695492,-3.781269031727073,0.35823442956054324,-1.1325065455637335,HA1,A,96,112
97,1.4910804409804004,0.7419582530620982,-0.7491221879183021,0.5153536267798378,-0.2594738761927167,HA1,A,97,113
98,1.4548106653880748,0.4028716877659617,-1.0519389776221129,0.22603890056787826,-0.26315094149724905,HA1,A,98,114
99,1.4643822389524062,0.021828121187586643,-1.4425541177648191,0.02113853341034037,-0.26301417896185697,HA1,A,99,115
100,3.648954032985332,0.4852317121884945,-3.163722320796837,0.4851959683817776,-0.6783390956833855,HA1,A,100,116
101,3.548694347555028,0.0,-3.548694347555028,0.0,-0.7408854774276616,HA1,A,101,117
102,1.6931842152846028,0.4743695326723406,-1.2188146826122623,0.4743695326723406,-0.5751950887663381,HA1,A,102,118
103,7.091674133026665,1.3358218318902813,-5.7558523011363825,0.8415201118373055,-0.91903870424441,HA1,A,103,119
104,1.950458708286048,0.007755149266603673,-1.942703559019444,0.007755149266603673,-1.0384415329729395,HA1,A,104,120
105,1.5207500453487408,0.3615439132046333,-1.1592061321441074,0.22601055259530525,-0.26320131969846183,HA1,A,105,121
106,2.8234015625749267,0.15627155395206827,-2.6671300086228578,0.11731018941273293,-0.7033766188593189,HA1,A,106,122
107,2.1563340831263718,1.019711085361477,-1.1366229977648952,0.4548823702689387,-0.4275255750904453,HA1,A,107,123
108,1.9053812995442323,0.017218408389550476,-1.8881628911546817,0.009658733863896969,-0.8987171005192711,HA1,A,108,124
109,2.247677074391867,0.5493425122848581,-1.6983345621070085,0.5394862276151632,-0.6628023368076859,HA1,A,109,125
110,3.4774677950398183,1.5891161410228525,-1.8883516540169665,0.9048101721894641,-0.4853120588746509,HA1,A,110,126
111,1.5502898083682397,9.502803862541209e-05,-1.5501947803296143,9.502803862541209e-05,-0.5076994422090919,HA1,A,111,127
112,0.9867351656262852,0.013122768915463032,-0.973612396710822,0.013122768915463032,-0.26306217782990643,HA1,A,112,128
113,0.8992363094127643,0.20746428313550447,-0.6917720262772599,0.18503916883170915,-0.2630357261422496,HA1,A,113,129
114,1.2831507737860803,0.2450612709589281,-1.0380895028271522,0.2450612709589281,-0.4785078881672966,HA1,A,114,130
115,1.999923062215853,0.5360846263221719,-1.4638384358936811,0.4829321451874081,-0.485479400014399,HA1,A,115,131
116,2.418893955813924,0.2500871742022778,-2.1688067816116456,0.2500871742022778,-1.2630171479883932,HA1,A,116,132
117,2.6529430354034256,1.5946017315070369,-1.0583413038963896,0.5011612621701798,-0.5780865422678929,HA1,A,117,133
118,1.8323479311407755,0.0,-1.8323479311407755,0.0,-0.7933117250569292,HA1,A,118,134
119,2.213821187345236,0.5171029979818794,-1.6967181893633558,0.26161533229305783,-0.7936116137641489,HA1,A,119,135
120,2.0301274778485325,0.4635490721107489,-1.5665784057377838,0.4635490721107489,-0.4788652989915183,HA1,A,120,136
121,8.86335977010987,4.5111738155786885,-4.352185954531185,1.079713863123047,-0.9998957324816852,HA1,A,121,137
122,7.900840622621638,1.698557393497637,-6.202283229124003,0.7337038429792653,-1.1255936554939563,HA1,A,122,138
123,0.7308144359586868,0.05711368427221512,-0.6737007516864717,0.0569120896555791,-0.3522524668717358,HA1,A,123,139
124,7.987327632459153,1.1650009085040545,-6.822326723955097,0.4577992202270342,-0.8485461536168777,HA1,A,124,140
125,1.5750723157817867,0.2700046341444066,-1.3050676816373803,0.261465148121238,-0.4856810980929888,HA1,A,125,141
126,1.6380787355231767,0.670254963063614,-0.9678237724595632,0.6697627638928798,-0.4163394449348395,HA1,A,126,142
127,1.321447216632382,0.2631691260790441,-1.058278090553338,0.2631691260790441,-0.3752649497882912,HA1,A,127,143
128,1.923246345553728,0.22121759066332364,-1.7020287548904045,0.2204509104526274,-0.3348078863050549,HA1,A,128,144
129,2.244602897028328,1.3782372897133632,-0.8663656073149641,0.9466004426448008,-0.26291500830893183,HA1,A,129,145
130,1.5394740440262549,0.22944695789140204,-1.3100270861348529,0.2259196896139249,-0.4793085811080217,HA1,A,130,146
131,3.3457942787405517,0.2197528451579413,-3.1260414335826106,0.21974131333914845,-0.5199446317272952,HA1,A,131,147
132,3.3027185891723017,1.0861453275099369,-2.216573261662364,1.084821034779132,-0.485562445774003,HA1,A,132,148
133,2.789176503646615,0.7949055662493942,-1.9942709373972205,0.4186170562069447,-0.4857466586650975,HA1,A,133,149
134,1.4376547385894785,1.0089625186524174,-0.4286922199370611,0.647145955361955,-0.4279155408905865,HA1,A,134,150
135,5.721654120876722,1.1566050364738558,-4.565049084402866,0.9918540271502476,-2.273941957782692,HA1,A,135,151
136,2.314492518779784,0.505602145015155,-1.8088903737646291,0.2628676583515743,-0.8383096526111579,HA1,A,136,152
137,2.2607634413265605,0.27273331108487303,-1.9880301302416876,0.2621238099546649,-0.8614330131148479,HA1,A,137,153
138,7.854611731739261,0.5091673638321744,-7.3454443679070875,0.5091673638321744,-1.7492475842812427,HA1,A,138,154
139,1.2062258465622508,0.4330916951106074,-0.7731341514516434,0.2465416514504916,-0.5090815304922756,HA1,A,139,155
140,2.765670737821563,1.3333250441215194,-1.4323456937000427,0.5410599754364511,-0.5107395191595024,HA1,A,140,156
141,2.8459526253788896,0.40754016965092493,-2.4384124557279643,0.4074922500643138,-0.8609879810845078,HA1,A,141,157
142,4.340424188404747,1.9264228734683304,-2.4140013149364172,1.097361370031284,-0.9051324791617418,HA1,A,142,158
143,2.851612939632394,0.5339796405470378,-2.317633299085356,0.20044767948118614,-0.4794330977259511,HA1,A,143,159
144,3.5862156930575417,0.8336262071747182,-2.752589485882824,0.5798694523104888,-0.6720649500406753,HA1,A,144,160
145,4.308605116137995,1.1372740730897293,-3.171331043048266,0.9466124012105348,-0.7802869144260509,HA1,A,145,161
146,2.0825722483276627,0.7839285918494697,-1.298643656478193,0.5337413265116226,-0.6781370207388047,HA1,A,146,162
147,1.6258241447514568,0.7231181789405956,-0.9027059658108612,0.4758570168083987,-0.6780599128792879,HA1,A,147,163
148,1.6698106851081709,0.057103559289839234,-1.612707125818332,0.057103559289839234,-0.4792399190362579,HA1,A,148,164
149,3.2833677050617407,0.16582013144715455,-3.1175475736145866,0.16582013144715455,-0.7996810622714265,HA1,A,149,165
150,1.4548174894258206,0.827857252219393,-0.6269602372064271,0.5038941174837728,-0.4854808606014575,HA1,A,150,166
151,0.6586448392095221,0.29960784566692794,-0.3590369935425942,0.29960784566692794,-0.2351670416065609,HA1,A,151,167
152,1.064765165462313,0.3606033590303535,-0.7041618064319592,0.2262875012288751,-0.6693763169385001,HA1,A,152,168
153,0.9498655828606519,0.9029994325215301,-0.046866150339122094,0.649421519614316,-0.029337146181723988,HA1,A,153,169
154,0.4750189092027382,0.00018819052179933158,-0.4748307186809389,0.00018819052179933158,-0.2631020687779228,HA1,A,154,170
155,2.427384528515663,0.944525371550862,-1.4828591569648018,0.4902932557670816,-0.7021279640757523,HA1,A,155,171
156,7.156224870356179,0.534065296509676,-6.6221595738465036,0.528454755346643,-1.5263399160151814,HA1,A,156,172
157,8.254983823956731,3.6920947024571587,-4.562889121499572,1.6433586450149615,-0.9447837036320051,HA1,A,157,173
158,5.633890488665267,2.1946195601921494,-3.4392709284731184,1.2174472164845722,-1.0214472475111531,HA1,A,158,174
159,12.893318676175115,10.815788232654457,-2.0775304435206587,2.795088401170456,-0.5519149774887053,HA1,A,159,175
160,9.903539017782133,7.1958417765059695,-2.7076972412761653,2.8201935888774727,-0.5614725078159484,HA1,A,160,176
161,4.086274114379201,0.7860779936635955,-3.3001961207156043,0.2621807779352637,-0.8421994420155339,HA1,A,161,177
162,2.9645301075198693,0.6112481933201609,-2.3532819141997083,0.41924977262656027,-0.4855797090823114,HA1,A,162,178
163,4.376071627676714,2.6102725224101198,-1.7657991052665938,0.8448778489287675,-0.33120168611259265,HA1,A,163,179
164,3.885710602687962,0.6154452326266309,-3.270265370061332,0.6154452326266309,-0.5865408584241497,HA1,A,164,180
165,2.881715274146876,2.1847787004187507,-0.6969365737281246,0.8455455060406234,-0.2627324357536342,HA1,A,165,181
166,2.6952021852148373,0.5159061479693661,-2.1792960372454706,0.2621256071885118,-0.6781131670512219,HA1,A,166,182
167,0.8471373435599386,0.27858558333095323,-0.5685517602289856,0.26191080752555296,-0.4136766075227207,HA1,A,167,183
168,2.495604749081172,0.8639067413306337,-1.6316980077505387,0.8477900449954532,-0.7046757758294058,HA1,A,168,184
169,1.9683914878368076,0.2200556834710869,-1.7483358043657204,0.2200556834710869,-0.4855213811316995,HA1,A,169,185
170,2.5715267954920953,1.212984889917797,-1.3585419055742978,0.5873326697348064,-0.6780109420043701,HA1,A,170,186
171,4.322247678935392,1.0658130757072368,-3.2564346032281555,0.8155973497275033,-0.6781377812434268,HA1,A,171,187
172,1.386722157977935,0.4477184541903296,-0.9390037037876048,0.26164859813105834,-0.6695001213761309,HA1,A,172,188
173,4.238997687281078,1.4371073369474008,-2.801890350333677,0.9200901107577668,-0.8484373883219797,HA1,A,173,189
174,3.5914982828487116,1.1717231213735575,-2.4197751614751533,0.4942858950368559,-0.5854038505194166,HA1,A,174,190
175,1.1496670668002285,0.4563110608889472,-0.6933560059112811,0.2629760678579162,-0.263141918175246,HA1,A,175,191
176,1.9005501241308849,0.25325800420427863,-1.6472921199266055,0.25325800420427863,-0.5706540988733944,HA1,A,176,192
177,1.5066822919861524,0.5724348131843673,-0.9342474788017852,0.2924861131776834,-0.263003150733305,HA1,A,177,193
178,1.3806858064802603,0.2534116841965908,-1.1272741222836695,0.2533353460676871,-0.4393182749718891,HA1,A,178,194
179,1.6091259228784711,0.4227233891402188,-1.1864025337382524,0.22200866610626224,-0.4855087435508559,HA1,A,179,195
180,0.92034998391919,0.03929875986952032,-0.8810512240496696,0.039175924613812564,-0.8212126438714781,HA1,A,180,196
181,1.770493967103547,1.0650601934498505,-0.7054337736536958,0.3742491582849785,-0.2629682192086123,HA1,A,181,197
182,2.9164620206637624,0.8838733710966462,-2.032588649567116,0.6779279463650245,-0.6782591764389074,HA1,A,182,198
183,0.9852400691498732,0.22408773946737784,-0.7611523296824952,0.22395085542441365,-0.4854195321398394,HA1,A,183,199
184,4.472333498297059,0.7003615148502126,-3.7719719834468464,0.484916818999213,-0.6783688590520587,HA1,A,184,200
185,2.5926161075913785,0.20939913867424936,-2.3832169689171288,0.20939913867424936,-0.7301062867665491,HA1,A,185,201
186,3.2153283468009315,0.0627291650367973,-3.1525991817641343,0.0627291650367973,-0.9732550969104392,HA1,A,186,202
187,4.29726662987213,0.0,-4.29726662987213,0.0,-0.8483452887620487,HA1,A,187,203
188,6.2970653238700045,2.4050711506141984,-3.891994173255806,1.5016475577944457,-1.7143269388987508,HA1,A,188,204
189,10.52079057020876,0.4803787346284416,-10.040411835580318,0.4803787346284416,-1.6029205951085606,HA1,A,189,205
190,1.7991574102596355,0.0,-1.7991574102596355,0.0,-0.7886706055139597,HA1,A,190,206
191,2.6149160565572123,0.6658132600530713,-1.9491027965041403,0.3929275669245593,-1.0000408922830102,HA1,A,191,207
192,6.358405483548652,4.371700069413665,-1.986705414134988,1.1691234070020602,-0.6667065651167929,HA1,A,192,208
193,15.378226021552251,14.18538967037136,-1.19283635118089,3.0309035569802165,-1.19283635118089,HA1,A,193,209
194,2.51961770903696,1.3715958096866006,-1.1480218993503601,1.3710770925687652,-0.4681611718472203,HA1,A,194,210
195,2.121344303760097,1.0780347788253088,-1.043309524934789,0.7125315700496673,-0.2630212079654484,HA1,A,195,211
196,0.6891389406557885,0.296752442331378,-0.3923864983244105,0.2961027081778394,-0.262959825452086,HA1,A,196,212
197,1.301956931911878,0.4538683257774709,-0.8480886061344072,0.4535118237394597,-0.5850304612559698,HA1,A,197,213
198,1.137770050724327,0.33169284021504786,-0.806077210509279,0.2380594487134621,-0.4680537346489946,HA1,A,198,214
199,3.925758734589608,0.7146038698739313,-3.2111548647156765,0.21046893925434002,-0.8205544066411203,HA1,A,199,215
200,2.5511363130407645,1.280997721853723,-1.2701385911870409,0.485822885949781,-0.4117882339424103,HA1,A,200,216
201,7.162238130335367,1.3810925728130057,-5.781145557522359,0.5838275952806415,-1.059227175202461,HA1,A,201,217
202,1.3106770379316206,0.3130587500263469,-0.9976182879052734,0.302695377997598,-0.4693911637695282,HA1,A,202,218
203,2.3481563472428064,0.513750638158354,-1.8344057090844528,0.4964269940720038,-0.6522724552579597,HA1,A,203,219
204,1.995702276233308,1.22637139718275,-0.7693308790505582,0.6899772388604858,-0.2631072750390069,HA1,A,204,220
205,3.4247397406845947,0.33240505827505057,-3.092334682409545,0.25305044482698635,-1.0748242470223657,HA1,A,205,221
206,0.9096856125559104,0.2771965858258074,-0.6324890267301031,0.2589961364344013,-0.2900670085472142,HA1,A,206,222
207,5.257381168602935,2.6431965298967284,-2.614184638706206,0.9994916102626152,-0.5117833687238347,HA1,A,207,223
208,6.187547038218672,1.006400049890373,-5.181146988328301,0.4149197284862898,-1.0940081299146045,HA1,A,208,224
209,4.760340413494963,0.8244853219279662,-3.9358550915669968,0.5804906004146544,-0.7724232149390501,HA1,A,209,225
210,5.402605510300254,4.559297520697278,-0.8433079896029757,1.3819493556760325,-0.4150339530832767,HA1,A,210,226
211,2.4108308485163046,1.16348925209413,-1.2473415964221743,0.4856145693039974,-0.4677937203542824,HA1,A,211,227
212,4.209482906522071,2.7473149347644465,-1.4621679717576246,0.8217365235607654,-0.3689508841344688,HA1,A,212,228
213,5.1316828754822765,0.6899849600305352,-4.4416979154517415,0.4845325278274094,-1.292651254736266,HA1,A,213,229
214,4.757061986712952,1.8963470812012784,-2.860714905511673,0.3835201015997271,-0.8313525095664714,HA1,A,214,230
215,5.498046336753854,0.5849598258761319,-4.913086510877722,0.2619989939981923,-0.8872971838750168,HA1,A,215,231
216,5.743952798113004,1.4677643858576384,-4.276188412255366,0.4855738710449904,-0.7543949868334702,HA1,A,216,232
217,4.917173152776393,0.7499739793266879,-4.167199173449705,0.2623248663922745,-1.2807986176494095,HA1,A,217,233
218,5.38981171166932,3.1242898969546493,-2.265521814714671,0.6180839187420522,-0.8133362113670239,HA1,A,218,234
219,7.193769333066496,2.8811400043691338,-4.312629328697361,0.7425997284014125,-1.1107297442038049,HA1,A,219,235
220,14.309925529503582,1.2046153280954521,-13.105310201408134,0.7114414768204189,-2.139099927514719,HA1,A,220,236
221,4.57618531087192,0.0,-4.57618531087192,0.0,-1.1158745082047872,HA1,A,221,237
222,7.279497472552785,4.371107035104221,-2.908390437448563,0.8946683075153792,-0.5834603537271461,HA1,A,222,238
223,4.432889280059722,1.1388795908769211,-3.2940096891828023,0.6115329125293228,-0.9995237645695044,HA1,A,223,239
224,5.657765359510927,0.6881850576824595,-4.969580301828469,0.6779877860541819,-0.9102448822504516,HA1,A,224,240
225,5.022406971332519,3.112747053978828,-1.9096599173536897,0.9467390037029958,-0.5849273294829911,HA1,A,225,241
226,8.375025866713589,0.0,-8.375025866713589,0.0,-1.876503408689649,HA1,A,226,242
227,7.608724892089842,4.638265665016107,-2.9704592270737358,1.3317011104493583,-1.0133330490730064,HA1,A,227,243
228,1.5133402652256291,0.2461442543569166,-1.2671960108687124,0.19213704605619505,-0.4855312252160504,HA1,A,228,244
229,2.439446424730228,1.6525999618713,-0.7868464628589285,0.6779469860865597,-0.26280129776834943,HA1,A,229,245
230,2.8726777691763363,0.15509104022654174,-2.7175867289497946,0.15499271132779527,-0.8252867941510617,HA1,A,230,246
231,3.8586279863522317,1.1173667303695844,-2.741261255982646,0.634415311146042,-1.207265331893635,HA1,A,231,247
232,3.864554018818063,0.0,-3.864554018818063,0.0,-1.0331298102368691,HA1,A,232,248
233,2.540285144336817,1.138841451597317,-1.4014436927394998,0.4687898499236904,-0.4681072436361494,HA1,A,233,249
234,2.0211544995130586,0.6979770055243779,-1.323177493988681,0.26372903089127897,-0.2631903222656033,HA1,A,234,250
235,2.22129157805515,0.6411626353247739,-1.5801289427303755,0.4171253739953917,-0.8929467787538176,HA1,A,235,251
236,3.3709457911069456,1.155924753621753,-2.2150210374851924,0.6388357822220606,-0.5347616813259348,HA1,A,236,252
237,2.068120685079845,1.2420294940550962,-0.8260911910247487,0.5031839414982849,-0.3081892605230887,HA1,A,237,253
238,4.358165604538043,0.3389634953434988,-4.019202109194544,0.3389634953434988,-0.6610365046565012,HA1,A,238,254
239,2.664362816945281,0.6850314360125767,-1.979331380932704,0.4271767929374254,-0.90479265509631,HA1,A,239,255
240,1.8479328794685723,0.8575362203536293,-0.9903966591149436,0.4858366882217415,-0.2630879040347463,HA1,A,240,256
241,1.5186825094089105,0.2639181478284706,-1.2547643615804396,0.23251788796307696,-0.3080670535078553,HA1,A,241,257
242,4.796353645982057,1.81243100654655,-2.9839226394355065,0.3544758644593171,-0.6780601966272504,HA1,A,242,258
243,1.9182000552367642,0.5681717970478223,-1.3500282581889418,0.5680497158704279,-0.9290490708624388,HA1,A,243,259
244,7.3702204089872865,4.211342160597924,-3.1588782483893625,1.6493871497650616,-1.3169009880327534,HA1,A,244,260
245,2.60109871856832,0.7160437810820891,-1.8850549374862309,0.25724946711593066,-0.5526559221094427,HA1,A,245,261
246,2.713727666554016,0.5159511118284248,-2.197776554725591,0.26288621007603363,-0.5052590243486532,HA1,A,246,262
247,1.9975975762067,0.18468594029755106,-1.8129116359091493,0.14612290625067711,-0.4270172670484729,HA1,A,247,263
248,2.553580898575369,0.5950778914122117,-1.9585030071631568,0.3418439830167745,-0.4849251233820881,HA1,A,248,264
249,1.3053259791316614,0.3432295716683013,-0.96209640746336,0.3416619830506057,-0.4250701495011141,HA1,A,249,265
250,3.1284168936148835,0.9187506348260472,-2.209666258788836,0.6559280212304324,-0.4856274750126336,HA1,A,250,266
251,3.3802102192734496,0.5194716455466073,-2.8607385737268416,0.25973837127044913,-1.0996605654136626,HA1,A,251,267
252,2.5896958130912924,0.7482515043660457,-1.8414443087252468,0.4848146800370407,-0.4855204902281922,HA1,A,252,268
253,1.402142898765002,0.701760161407072,-0.7003827373579296,0.4124893901486961,-0.5570405935249252,HA1,A,253,269
254,1.1048647522441015,0.16193007019379813,-0.9429346820503034,0.13522329499318406,-0.2631815303528209,HA1,A,254,270
255,2.364117611571096,0.7362475259333296,-1.627870085637766,0.4410029214895368,-0.4852890753247305,HA1,A,255,271
256,0.4200755713693185,5.57893630239936e-05,-0.4200197820062945,3.5470903535480474e-05,-0.19291516501184247,HA1,A,256,272
257,2.0332970528478103,1.3681189204586452,-0.6651781323891648,0.9345523295302176,-0.6553223628043119,HA1,A,257,273
258,2.263947607745726,0.3379653293974913,-1.9259822783482348,0.3378274803212617,-0.41237879952867457,HA1,A,258,274
259,3.9806153382391765,0.7858157544613897,-3.194799583777787,0.4848002968050455,-0.5075554111017736,HA1,A,259,275
260,3.6976097743737246,1.7877321504320534,-1.9098776239416704,0.7138380774502551,-0.888918099979432,HA1,A,260,276
261,3.9991792123071135,1.3628693012671886,-2.6363099110399237,0.5841811745220091,-0.3634118753297784,HA1,A,261,277
262,6.519774439517787,3.0851766729920467,-3.4345977665257394,0.8258782249898445,-1.3652644700851118,HA1,A,262,278
263,2.941407594986366,1.0159965922318732,-1.925411002754492,0.4892032355028077,-0.4584015353417869,HA1,A,263,279
264,3.3808168192828565,0.2625040944337429,-3.118312724849114,0.2625040944337429,-0.5950340087083099,HA1,A,264,280
265,1.8055701155436656,0.009781724858426143,-1.7957883906852397,0.009781724858426143,-0.6650779493125696,HA1,A,265,281
266,1.4914663322850261,1.1438139530681075,-0.3476523792169184,0.8294003616345403,-0.20926089072555185,HA1,A,266,282
267,1.4633379602978391,0.7281724266336143,-0.7351655336642248,0.3164828477726353,-0.5634055160097358,HA1,A,267,283
268,1.6034162478785032,0.6203600853131919,-0.9830561625653116,0.2320064603443871,-0.4854936927517641,HA1,A,268,284
269,4.734575305225729,0.5931696308862363,-4.141405674339492,0.4095173004323257,-0.8659446797748754,HA1,A,269,285
270,1.321788032988407,0.5666116802825933,-0.7551763527058138,0.5625034809387275,-0.37583550175755903,HA1,A,270,286
271,1.7174703487341432,0.30954401779214474,-1.407926330941998,0.30954401779214474,-0.4411845498077919,HA1,A,271,287
272,2.196461494442831,0.8001204296295242,-1.3963410648133063,0.5732332699781707,-0.4530302608005258,HA1,A,272,288
273,2.218080332012978,0.6590984677264651,-1.5589818642865128,0.6590984677264651,-0.26462779853926777,HA1,A,273,289
274,1.012581374330645,0.5380371283993755,-0.4745442459312695,0.2630219633615733,-0.25318200402152985,HA1,A,274,290
275,3.0959712724376383,2.2324558061750284,-0.8635154662626103,0.6124815735274328,-0.30205126770181656,HA1,A,275,291
276,2.846755870707421,1.191503064450859,-1.655252806256562,0.4648592293819573,-0.4780986356911235,HA1,A,276,292
277,1.945301551310893,0.3490491170799011,-1.5962524342309918,0.21250324779065446,-0.8880695662584424,HA1,A,277,293
278,3.4584718689415803,1.3529622290163759,-2.1055096399252045,0.4640795798438549,-0.4857467151030727,HA1,A,278,294
279,4.025779199258698,1.4532106564723648,-2.5725685427863336,0.9000264400065184,-0.4823346845539983,HA1,A,279,295
280,4.426728582735729,1.7718411558492762,-2.6548874268864524,0.7653443264583415,-0.6291872060295887,HA1,A,280,296
281,1.5043248921201648,0.26711863106455497,-1.2372062610556096,0.26298133476955515,-0.7329976861669243,HA1,A,281,297
282,2.440840335769848,0.22346480857086906,-2.217375527198979,0.2125409238089707,-0.7359232129199843,HA1,A,282,298
283,1.7080733312253351,0.35499178017062805,-1.3530815510547072,0.20118009567878306,-0.6759033263610372,HA1,A,283,299
284,0.35767705318373555,0.27531574174161266,-0.08236131144212289,0.2746426108977937,-0.03619399280993183,HA1,A,284,300
285,2.605603495810927,0.7422800301969532,-1.863323465613974,0.2844853763722181,-0.6353738099505042,HA1,A,285,301
286,0.2528308908746714,0.11328071574201636,-0.13955017513265494,0.11328071574201636,-0.1387826634568715,HA1,A,286,302
287,1.724438588389514,0.404037963911264,-1.3204006244782502,0.3874123511202487,-0.7920249794855151,HA1,A,287,303
288,1.4167190528224975,0.2429548138294147,-1.173764238993083,0.2010107353159936,-0.31182405871528185,HA1,A,288,304
289,3.5036850107038378,0.07527304546218948,-3.4284119652416485,0.07527304546218948,-1.0950772926403638,HA1,A,289,305
290,3.8211415287149446,1.2100140334064156,-2.6111274953085295,0.6034081849669887,-0.4854792228421737,HA1,A,290,306
291,4.541175536745868,2.5855040294620744,-1.9556715072837936,0.8810364557120124,-0.4853511154859879,HA1,A,291,307
292,3.0473461652772094,0.6470874871473398,-2.400258678129869,0.271889869935448,-0.4532504212106351,HA1,A,292,308
293,1.4128794066559691,0.515605043924326,-0.8972743627316432,0.5046172299246182,-0.4391970477066954,HA1,A,293,309
294,2.7402984665085963,0.8390238269158791,-1.9012746395927176,0.5883615550204533,-0.4780342525019777,HA1,A,294,310
295,0.697321650493348,0.42197225327191584,-0.2753493972214322,0.2267719952137471,-0.26299503314853234,HA1,A,295,311
296,3.9719134184049936,0.6919300856394889,-3.2799833327655046,0.25150557054899386,-0.980860475243674,HA1,A,296,312
297,2.489038855228093,0.0,-2.489038855228093,0.0,-0.6353027900298931,HA1,A,297,313
298,2.3371296036767006,0.2777455800467819,-2.0593840236299186,0.2627297354150738,-0.9848726022236156,HA1,A,298,314
299,7.69265921925234,1.6968634949948207,-5.995795724257518,0.8668642003268986,-1.0458173152475991,HA1,A,299,315
300,2.057363007514517,0.4894376398457535,-1.567925367668764,0.3872941287897202,-0.4573333618415541,HA1,A,300,316
301,1.1753686348832024,0.6002316525346709,-0.5751369823485314,0.3020746851544527,-0.3049177602740231,HA1,A,301,317
302,3.5576740749185958,0.454822914983634,-3.102851159934961,0.34019366676698803,-0.9428193791795508,HA1,A,302,318
303,2.1537695078668144,1.0254852404835408,-1.1282842673832734,0.6423096809879976,-0.6296441686352174,HA1,A,303,319
304,7.298372448825384,2.3512627447421,-4.9471097040832825,0.8102879133409597,-1.1040794503250149,HA1,A,304,320
305,1.7086517608154663,0.7075693403940558,-1.0010824204214104,0.31484052837826865,-0.4324540662393928,HA1,A,305,321
306,2.0869435190523906,0.2736869521264764,-1.813256566925915,0.2736869521264764,-0.6884990658567567,HA1,A,306,322
307,6.178288969685331,2.507331935051228,-3.670957034634104,0.6277779278313118,-0.9328433663986576,HA1,A,307,323
308,2.290563572205522,1.1273550810488897,-1.1632084911566327,0.8147487237965838,-0.4532511120297604,HA1,A,308,324
309,2.765335906254613,0.16592227061878265,-2.5994136356358304,0.16477813490990031,-0.9843333893202544,HA1,A,309,325
310,5.5456709462608185,0.4806033416134673,-5.06506760464735,0.2624614632494165,-0.9755013774888311,HA1,A,310,326
311,5.542710631058428,2.6528315745166817,-2.8898790565417483,0.6040060909535891,-0.8868199754704844,HA1,A,311,327
312,6.149534963366502,1.5015361559298408,-4.647998807436663,0.5414580668837454,-0.8607337818555271,HA1,A,312,328
313,3.3858604851212597,1.266125625943188,-2.119734859178071,0.6502515223705675,-0.5974222421615516,HA1,A,313,329
314,2.3190073667741444,0.5049748019693303,-1.814032564804814,0.4854075539472209,-0.8479398207736074,HA1,A,314,330
315,2.4002177879722746,0.2638813422604041,-2.1363364457118705,0.2638813422604041,-0.5627561892722972,HA1,A,315,331
316,3.4467199442580703,1.5815092955235284,-1.8652106487345423,0.8422304746143854,-0.5179504393061952,HA1,A,316,332
317,1.8947396755659542,4.0229492120188266e-05,-1.8946994460738336,2.0114746060094133e-05,-0.4687324916351537,HA1,A,317,333
318,4.179187954706074,1.5973386636542657,-2.5818492910518094,1.13357416147898,-0.4128180017584432,HA1,A,318,334
319,1.5980328587757149,1.10461278707182,-0.4934200717038954,0.741199549424916,-0.26341284993785724,HA1,A,319,335
320,2.0634169272915734,0.6816690148329658,-1.3817479124586072,0.3006412768839773,-0.9040591741143816,HA1,A,320,336
321,2.155076101083426,0.7344808399744259,-1.4205952611089998,0.521865339465899,-0.478134660534101,HA1,A,321,337
322,2.6751592456163897,0.9292692191113644,-1.7458900265050257,0.3290806823106245,-0.4326310924778206,HA1,A,322,338
323,4.5926324304334525,0.1935626899243367,-4.3990697405091135,0.1935626899243367,-0.5276237564042033,HA1,A,323,339
324,4.930430925433996,0.6063078340642056,-4.324123091369791,0.3677437672064037,-0.8233149522016012,HA1,A,324,340
325,3.3831894535244738,0.3516712542946394,-3.031518199229834,0.18552062038982506,-0.7079893770756356,HA1,A,325,341
326,4.670886146793944,1.1826864562488693,-3.4881996905450743,0.3323483023316874,-0.8355799041511771,HA1,A,326,342
327,4.3780100664640385,1.6834682611799272,-2.6945418052841132,0.8478664176687377,-0.4536876912275502,HA1,A,327,343
328,5.3025682731172195,1.915296542067618,-3.387271731049601,0.7347262339129113,-0.7340869609073226,HA1,A,328,344
329,1.2159397907705782,0.5704033093497276,-0.6455364814208503,0.3377837111316759,-0.644816379315801,HA1,A,329,345
(HA2)1,1.3189574532383277,0.3901079503021457,-0.928849502936182,0.3895052860034091,-0.3820398940751005,HA2,B,1,346
(HA2)2,4.140702593097977,0.6869920200570218,-3.4537105730409565,0.4054426103318154,-0.6356530946233739,HA2,B,2,347
(HA2)3,2.5091269344314107,0.25525765361033603,-2.2538692808210747,0.25525765361033603,-0.5657616697750972,HA2,B,3,348
(HA2)4,4.473276680138756,1.8077704160883183,-2.665506264050438,1.0579582060479946,-0.6781218047468205,HA2,B,4,349
(HA2)5,4.758861101544113,1.2125178478172136,-3.5463432537268997,1.0107527728554333,-1.0452104090659242,HA2,B,5,350
(HA2)6,1.7143876171879684,0.5966432992860332,-1.1177443179019355,0.2629123654027572,-0.4777249075833979,HA2,B,6,351
(HA2)7,3.0566142859638084,1.6524293888759316,-1.4041848970878776,0.7059870066654143,-0.8600261380587041,HA2,B,7,352
(HA2)8,0.6024178725803767,0.29064924333344394,-0.3117686292469328,0.2629189680708241,-0.2589293102350851,HA2,B,8,353
(HA2)9,2.899983010378405,0.6546556866733897,-2.2453273237050144,0.4855302062528368,-0.7988334271040507,HA2,B,9,354
(HA2)10,3.0018956636178245,1.3677210552889023,-1.6341746083289213,0.9479551058239276,-0.4530942469481571,HA2,B,10,355
(HA2)11,3.012677718981634,0.9327428347651052,-2.079934884216529,0.43570399335477145,-0.4881563594979332,HA2,B,11,356
(HA2)12,1.4055095542667224,0.4387847416815269,-0.9667248125851956,0.3877787328476077,-0.24859801698716805,HA2,B,12,357
(HA2)13,3.8349388568908775,0.3673075658249941,-3.4676312910658837,0.26262652281203297,-1.0381727165982229,HA2,B,13,358
(HA2)14,3.31950965864696,0.1275018256884117,-3.192007832958548,0.1275018256884117,-0.9874253868270559,HA2,B,14,359
(HA2)15,6.6052743781559125,1.9504647524255163,-4.654809625730397,0.9836174541303422,-0.8870850255818268,HA2,B,15,360
(HA2)16,4.278247645483613,0.9910271870416028,-3.2872204584420097,0.916743545783174,-0.9261471943681217,HA2,B,16,361
(HA2)17,3.7042475503391947,0.2627298630597728,-3.4415176872794215,0.2627298630597728,-0.7109288199010334,HA2,B,17,362
(HA2)18,6.405726648468588,2.4383924774584433,-3.967334171010145,0.6882036459295251,-0.7983572552215964,HA2,B,18,363
(HA2)19,4.121719999523859,1.4990955014827296,-2.6226244980411297,0.4719291193589261,-0.4860264962288605,HA2,B,19,364
(HA2)20,3.080938471489936,0.22092728273004386,-2.860011188759892,0.22092728273004386,-0.7302379379340607,HA2,B,20,365
(HA2)21,2.5721066441445335,0.5111163767786836,-2.0609902673658493,0.3888274029536988,-0.8868496232048856,HA2,B,21,366
(HA2)22,3.5969028974054265,0.942752927569813,-2.654149969835613,0.9316176603253592,-0.8314837120933951,HA2,B,22,367
(HA2)23,1.3632780760498204,0.2573528649334981,-1.1059252111163227,0.19480672351185505,-0.33387527106529635,HA2,B,23,368
(HA2)24,3.5566957950164553,1.0199483001579637,-2.5367474948584907,0.3351539007804061,-0.6782284917471785,HA2,B,24,369
(HA2)25,3.153411748649919,0.6371575069342228,-2.516254241715697,0.45017472564318217,-0.5343312546049741,HA2,B,25,370
(HA2)26,2.7926088106803753,0.19552463806687176,-2.5970841726135028,0.08365869343330581,-0.7105681184308863,HA2,B,26,371
(HA2)27,5.3389345842237095,1.203505625741463,-4.135428958482247,0.3866787486867797,-1.0440212611552524,HA2,B,27,372
(HA2)28,3.5400509671829505,1.3751974334695871,-2.1648535337133628,0.6778315855727968,-0.4854827549676871,HA2,B,28,373
(HA2)29,5.618747443934551,1.2863719457761151,-4.332375498158438,0.43616400914045694,-0.8073296913853701,HA2,B,29,374
(HA2)30,3.254023773231252,1.46813303231811,-1.7858907409131424,0.7661151669521633,-0.42723867818198025,HA2,B,30,375
(HA2)31,1.849204440432702,0.0001327887744963429,-1.8490716516582055,6.639438724817145e-05,-0.6390174791197141,HA2,B,31,376
(HA2)32,4.678985547034825,1.4120464858426722,-3.2669390611921534,0.6677526780061793,-0.7193111306898365,HA2,B,32,377
(HA2)33,0.9404550823056841,0.12622850848687578,-0.8142265738188083,0.1114474562979829,-0.2587091637945015,HA2,B,33,378
(HA2)34,4.637994627537039,1.8137751483608608,-2.8242194791761785,0.6042525907336946,-0.7633955952445026,HA2,B,34,379
(HA2)35,3.786544452162206,0.3438702924043926,-3.442674159757813,0.2137225077707527,-0.8149983497253386,HA2,B,35,380
(HA2)36,3.1427264566160487,0.0344355386866828,-3.1082909179293665,0.0344355386866828,-0.5516638235623605,HA2,B,36,381
(HA2)37,2.6682146497702597,1.3002550229650305,-1.3679596268052294,1.1168505441445655,-0.2915113323131222,HA2,B,37,382
(HA2)38,4.970642931459652,1.5197082375446782,-3.4509346939149745,0.7470431482876715,-0.7604649746065657,HA2,B,38,383
(HA2)39,7.285924467823647,1.834598495701525,-5.451325972122125,0.531130203518956,-1.1916753012008474,HA2,B,39,384
(HA2)40,3.4462144174849643,0.6998886310547786,-2.7463257864301847,0.2628353181516846,-0.570425900684665,HA2,B,40,385
(HA2)41,2.7252086069415964,0.0,-2.7252086069415964,0.0,-0.6548008415089868,HA2,B,41,386
(HA2)42,4.043248844836506,0.7212235371329476,-3.3220253077035578,0.4880935286514834,-0.80868367925514,HA2,B,42,387
(HA2)43,6.053974680056544,3.3990318763420784,-2.6549428037144627,0.8346151814504241,-0.6442404915309246,HA2,B,43,388
(HA2)44,1.6244161705460172,1.34601707675863e-05,-1.6244027103752494,2.69203415351726e-06,-0.7135412770449175,HA2,B,44,389
(HA2)45,4.739293498199842,0.8266959189961983,-3.9125975792036436,0.5015193035442287,-0.9640526641656538,HA2,B,45,390
(HA2)46,5.792360238013751,0.9762467536988384,-4.816113484314912,0.4157876284904063,-0.8545419871132265,HA2,B,46,391
(HA2)47,4.247796219537077,2.0564691318772557,-2.19132708765982,0.5989528037708914,-0.5575790531832499,HA2,B,47,392
(HA2)48,1.5381197667832658,0.8720139842138436,-0.6661057825694223,0.3534672360395156,-0.25307364382664044,HA2,B,48,393
(HA2)49,3.2678660081845394,0.5200668016361704,-2.7477992065483687,0.32699452774132554,-0.6461073859759945,HA2,B,49,394
(HA2)50,4.285044717709747,1.4032959047731732,-2.881748812936573,0.4271468862082757,-0.8206797622003525,HA2,B,50,395
(HA2)51,2.523925409988011,0.17028240929979305,-2.3536430006882183,0.1654895886051152,-0.6887556518933968,HA2,B,51,396
(HA2)52,1.997026980270585,0.2916043619939556,-1.7054226182766292,0.2633248270488278,-0.4834538469403252,HA2,B,52,397
(HA2)53,4.805036397998227,0.9390255212001536,-3.8660108767980734,0.7266274215649704,-0.8099488763383567,HA2,B,53,398
(HA2)54,4.135607777734633,0.478104301209844,-3.657503476524792,0.2244574857697193,-0.9271702488143504,HA2,B,54,399
(HA2)55,3.75714317936669,1.1299202072415828,-2.6272229721251072,0.4852727585078618,-0.5381475832506343,HA2,B,55,400
(HA2)56,7.58187507612551,1.032509794877844,-6.549365281247669,0.7321498654421958,-0.9446062860816876,HA2,B,56,401
(HA2)57,6.666566742559178,2.0313208603805237,-4.635245882178655,0.6291674826055286,-0.8144179701262244,HA2,B,57,402
(HA2)58,3.5522833264373035,0.4804733661448385,-3.0718099602924647,0.23683951543748355,-0.7345340859276948,HA2,B,58,403
(HA2)59,3.0476273867544244,1.085444162989085,-1.96218322376534,0.5345378586308218,-0.6464980327290322,HA2,B,59,404
(HA2)60,4.525242272934711,0.6237671540146612,-3.90147511892005,0.4854316974332798,-1.0617502244907109,HA2,B,60,405
(HA2)61,7.485751243703097,1.9770109733651788,-5.508740270337918,0.7112518167126194,-1.013579716823659,HA2,B,61,406
(HA2)62,4.0417003444137585,0.402535428198027,-3.6391649162157327,0.1977199894307139,-1.219563467746782,HA2,B,62,407
(HA2)63,3.045997618740468,1.4494199985468894,-1.5965776201935775,0.6776873781457251,-0.7008152686713731,HA2,B,63,408
(HA2)64,2.651422000237005,0.6900931289424558,-1.9613288712945487,0.4852394095627509,-0.6507337864643836,HA2,B,64,409
(HA2)65,3.872638154210768,0.9017591889510306,-2.9708789652597374,0.2627299700337604,-0.8807571169038448,HA2,B,65,410
(HA2)66,1.9180324961160249,0.6889858559187401,-1.2290466401972846,0.3873171930616901,-0.2525971217938241,HA2,B,66,411
(HA2)67,1.7036240597649173,0.15776930858455596,-1.5458547511803613,0.13023781666540454,-0.8476425698366951,HA2,B,67,412
(HA2)68,2.613648701987,1.2353586783438668,-1.3782900236431326,0.4856194786376136,-0.40537420531797996,HA2,B,68,413
(HA2)69,4.674447861749775,2.7026961193125025,-1.9717517424372728,0.7142416360888337,-0.8470501489108611,HA2,B,69,414
(HA2)70,4.117521813609788,0.9613783814377154,-3.1561434321720725,0.6778224191017113,-0.4609697564868309,HA2,B,70,415
(HA2)71,4.834237235943878,2.8834448821565166,-1.9507923537873617,0.7466163327345141,-0.4607632733719008,HA2,B,71,416
(HA2)72,2.948839634866716,0.7222334918070331,-2.226606143059682,0.4251202853704152,-0.5465207524578102,HA2,B,72,417
(HA2)73,6.023665170362687,2.1220562004310457,-3.9016089699316425,0.6695665895550252,-0.8347959820424967,HA2,B,73,418
(HA2)74,1.3660527011577754,0.0007444840639789262,-1.3653082170937965,0.00024816135465964204,-0.6086970559537147,HA2,B,74,419
(HA2)75,2.367798196605516,0.4545934721326612,-1.913204724472855,0.2369161321769325,-0.5893086454854086,HA2,B,75,420
(HA2)76,1.9991928241401842,0.7519840785817857,-1.2472087455583982,0.3061975007658562,-0.3344757267664373,HA2,B,76,421
(HA2)77,2.5873851523177107,1.3854166925558329,-1.2019684597618785,0.6633755154439389,-0.4693962095429909,HA2,B,77,422
(HA2)78,3.402163247770412,0.6659819997366899,-2.7361812480337218,0.2546941860817036,-0.6543251128423484,HA2,B,78,423
(HA2)79,3.483584418640098,0.5367880847418462,-2.946796333898252,0.4853516552752137,-0.6547950831064644,HA2,B,79,424
(HA2)80,2.335593304456583,0.31777591169109964,-2.017817392765483,0.3176291478859036,-0.3915871307456626,HA2,B,80,425
(HA2)81,3.652431396546081,0.0452305796072776,-3.607200816938804,0.030763819420077318,-1.2193157279092766,HA2,B,81,426
(HA2)82,3.0387015470138428,0.7263371067574292,-2.312364440256413,0.3067829666252149,-0.5414888198439956,HA2,B,82,427
(HA2)83,1.361953919662739,0.4254946690414306,-0.9364592506213084,0.2325225409831321,-0.2529042861871097,HA2,B,83,428
(HA2)84,3.8362485171438867,0.31210234391662794,-3.5241461732272596,0.2882332097417389,-0.9494223612336004,HA2,B,84,429
(HA2)85,2.5314000216758443,0.40245178737230464,-2.12894823430354,0.26287867018915984,-0.5579463474450238,HA2,B,85,430
(HA2)86,3.133043216039666,0.4553358134051662,-2.6777074026345,0.2625654315350724,-0.8473756113301132,HA2,B,86,431
(HA2)87,3.459770890464944,0.5011038433679813,-2.958667047096963,0.4553773614486562,-0.464879319424053,HA2,B,87,432
(HA2)88,3.7482334149340506,0.8845920875713826,-2.863641327362668,0.26541799932273835,-0.4612885509459951,HA2,B,88,433
(HA2)89,4.115363027228644,1.7640845813468602,-2.3512784458817837,1.4866848347991584,-0.6456256378137628,HA2,B,89,434
(HA2)90,2.4013815094462485,0.5416913587911655,-1.8596901506550825,0.26278951493336417,-0.5882254260490749,HA2,B,90,435
(HA2)91,2.6017284278949457,1.1185682433520991,-1.4831601845428464,0.4294419299598994,-0.5333809288342648,HA2,B,91,436
(HA2)92,4.198202640685864,0.6631172009848354,-3.535085439701028,0.5356889102902407,-0.6571884317279375,HA2,B,92,437
(HA2)93,0.9464089698817356,0.0,-0.9464089698817356,0.0,-0.4894027798878412,HA2,B,93,438
(HA2)94,2.7582381948209096,0.7370014931875267,-2.021236701633383,0.5111537425995514,-0.6476942173714,HA2,B,94,439
(HA2)95,2.6586026448401086,0.6223283624161238,-2.036274282423985,0.4409989956456709,-0.6533996785247669,HA2,B,95,440
(HA2)96,2.1549308650692383,0.4879692138571618,-1.6669616512120762,0.2367239814710017,-0.4644230145138094,HA2,B,96,441
(HA2)97,3.5882066620678668,0.2627733746336251,-3.3254332874342416,0.2627733746336251,-0.8148757561020626,HA2,B,97,442
(HA2)98,4.847627902602119,1.2134403431252594,-3.6341875594768593,0.5821041455318687,-1.0864774850474157,HA2,B,98,443
(HA2)99,4.195759385746242,1.2993919643369325,-2.8963674214093102,0.6781402792880747,-0.8333749614530994,HA2,B,99,444
(HA2)100,4.269115053841404,2.0875128539296406,-2.1816021999117625,1.1177491592212407,-0.9624582856085842,HA2,B,100,445
(HA2)101,4.863714780216118,0.6318551319539201,-4.231859648262199,0.2408432373189532,-0.8338555301058197,HA2,B,101,446
(HA2)102,4.341200590955092,0.8594784630444154,-3.4817221279106767,0.5965984064259979,-1.1916494334633003,HA2,B,102,447
(HA2)103,2.0062634487685043,0.8524481739511203,-1.1538152748173838,0.4851556344060725,-0.6496947000499148,HA2,B,103,448
(HA2)104,1.4957272130709949,1.0567788801466618,-0.4389483329243331,0.5856488293272009,-0.2485516687270113,HA2,B,104,449
(HA2)105,2.2142395073843417,0.26225094158673523,-1.9519885657976064,0.2298658650899564,-0.4805678379548274,HA2,B,105,450
(HA2)106,4.02368912115614,0.9302565408190456,-3.093432580337096,0.6716078803442423,-0.6942532398378206,HA2,B,106,451
(HA2)107,2.921293849608113,0.3850516569409779,-2.5362421926671352,0.3192378846006309,-0.6544321356967271,HA2,B,107,452
(HA2)108,1.3420230208372683,0.4772149813836135,-0.8648080394536551,0.2626816848260412,-0.2515464775566708,HA2,B,108,453
(HA2)109,2.5748866240921098,1.0359869511180373,-1.5388996729740727,0.425973140559674,-0.4637505406495906,HA2,B,109,454
(HA2)110,6.252851515537832,3.2814098837472647,-2.971441631790567,1.000465313232419,-1.0046603856539056,HA2,B,110,455
(HA2)111,2.4887391211135936,0.42992046069012135,-2.0588186604234724,0.42936027053002457,-0.6932407042645063,HA2,B,111,456
(HA2)112,2.8618358661145686,0.9435916233282148,-1.9182442427863544,0.7313968040486616,-0.7275483564398277,HA2,B,112,457
(HA2)113,5.077127513632006,2.438157581928729,-2.638969931703277,0.8337793896832367,-0.6180681438630964,HA2,B,113,458
(HA2)114,1.9400334081248172,0.7807521007289576,-1.1592813073958597,0.2629649061692135,-0.3497648253411849,HA2,B,114,459
(HA2)115,1.2751792185248614,0.2974081224160092,-0.9777710961088524,0.2467120818008829,-0.4046458170429643,HA2,B,115,460
(HA2)116,3.3911164158829554,0.6759139414925561,-2.715202474390398,0.2628331477471077,-0.5775648320633006,HA2,B,116,461
(HA2)117,4.685033897091925,2.4365547604904467,-2.2484791366014787,0.6704380739766078,-1.1750198166787753,HA2,B,117,462
(HA2)118,0.4012364284364765,0.2352703730621928,-0.16596605537428366,0.18493289633331586,-0.16596605537428366,HA2,B,118,463
(HA2)119,2.1504203585989683,0.8273724334862842,-1.3230479251126843,0.4852436788725593,-0.3784773279213468,HA2,B,119,464
(HA2)120,6.218483224115758,1.5875735668696378,-4.63090965724612,0.6112519606146815,-0.8463627901067663,HA2,B,120,465
(HA2)121,5.571752751299561,0.7647467747621182,-4.807005976537443,0.3729371213282136,-1.0694269559714336,HA2,B,121,466
(HA2)122,2.615652571933125,0.7092348718080195,-1.906417700125106,0.4292149774176712,-0.5402758188797196,HA2,B,122,467
(HA2)123,1.6096335331518128,0.3422064919499941,-1.2674270412018187,0.22106308190934693,-0.4644378577270537,HA2,B,123,468
(HA2)124,3.7631769470343577,1.3884743653564533,-2.374702581677905,0.3839502538374791,-0.4673729019927399,HA2,B,124,469
(HA2)125,3.0663786466373395,0.27607375519317,-2.79030489144417,0.2632158377028926,-0.6463950374268519,HA2,B,125,470
(HA2)126,1.7499533765955777,9.066400843537375e-05,-1.7498627125871424,9.066400843537375e-05,-0.8569364306094478,HA2,B,126,471
(HA2)127,2.0252164978260985,1.3667858423796295,-0.6584306554464691,0.4485770404789871,-0.4508546761392146,HA2,B,127,472
(HA2)128,4.526543879516085,0.26251541729068123,-4.264028462225403,0.26251541729068123,-0.6877683779967633,HA2,B,128,473
(HA2)129,2.631596191714674,0.7389131127341879,-1.8926830789804865,0.263125583354312,-0.5521137062493541,HA2,B,129,474
(HA2)130,2.4142128754809793,0.4274396223412751,-1.9867732531397029,0.2443284338395889,-0.9991837781156394,HA2,B,130,475
(HA2)131,5.254099767279911,2.7774975280980376,-2.4766022391818727,0.8580913095743209,-0.7374668324774083,HA2,B,131,476
(HA2)132,3.6069499340242017,1.5912823277971802,-2.0156676062270207,0.8080088843231026,-0.6671611905600543,HA2,B,132,477
(HA2)133,2.470809222806013,0.4528344553810924,-2.0179747674249207,0.30505187053211075,-0.3650634446282295,HA2,B,133,478
(HA2)134,1.970363611093424,0.2710012209429664,-1.6993623901504575,0.26569001087018473,-0.7116124510226678,HA2,B,134,479
(HA2)135,3.173029802441893,0.17838129255849958,-2.994648509883393,0.10448960016280637,-0.7545475187327981,HA2,B,135,480
(HA2)136,2.5348611755185266,1.0196569410648841,-1.5152042344536434,0.31694936573525884,-0.5399305480239862,HA2,B,136,481
(HA2)137,3.945383145602817,0.7381332424448126,-3.2072499031580035,0.4526280370897971,-1.0329753384512803,HA2,B,137,482
(HA2)138,6.021915185580214,1.21618724861658,-4.805727936963634,0.7141272861945899,-0.9989939668436276,HA2,B,138,483
(HA2)139,3.513327325495346,0.20630516722645165,-3.3070221582688943,0.16581633020779876,-0.8285680074997746,HA2,B,139,484
(HA2)140,4.7918577422430735,0.9951740144320358,-3.7966837278110375,0.5355240263131811,-1.0968584670699573,HA2,B,140,485
(HA2)141,3.5229584257175786,2.100106006163778,-1.4228524195538004,0.5839707790741179,-0.4307496964633528,HA2,B,141,486
(HA2)142,7.093565378048309,1.5054369046997351,-5.588128473348574,0.6630358203892928,-1.23701270365403,HA2,B,142,487
(HA2)143,3.906763622086969,1.8077689100222631,-2.098994712064705,0.5641712999822621,-0.4850770755675337,HA2,B,143,488
(HA2)144,3.3459515102228345,1.2963117280447791,-2.049639782178056,0.6189148185202364,-0.4264411120226985,HA2,B,144,489
(HA2)145,1.8646819601347249,0.20607379585289964,-1.6586081642818251,0.09382512152166424,-0.6038654584668104,HA2,B,145,490
(HA2)146,3.8315292694973397,0.6768162565499048,-3.154713012947436,0.3197393459435952,-0.7546676728227392,HA2,B,146,491
(HA2)147,6.046562262761487,1.4928897734568125,-4.5536724893046765,0.5542008369288463,-0.9995533450110919,HA2,B,147,492
(HA2)148,3.626117270246346,0.3336704060973382,-3.2924468641490074,0.16874594862985484,-0.9324160742728996,HA2,B,148,493
(HA2)149,1.801101646048269,0.7883060841143197,-1.0127955619339497,0.3592114260616581,-0.2623814660440259,HA2,B,149,494
(HA2)150,4.908298500802396,1.8645125370658988,-3.0437859637364992,0.5346962304633529,-0.569792182886639,HA2,B,150,495
(HA2)151,3.4207884107224635,0.6928969504820309,-2.7278914602404334,0.4668435010381941,-0.5142960874007153,HA2,B,151,496
(HA2)152,3.707638881491144,0.6897341628346034,-3.0179047186565398,0.4033855022462468,-0.6174417879679275,HA2,B,152,497
(HA2)153,3.2578244505734126,1.6229819701915824,-1.6348424803818302,0.7178175114404945,-0.3963020936645552,HA2,B,153,498
(HA2)154,3.7226652489593466,0.24762599725618126,-3.4750392517031656,0.1837225117893528,-1.13718259199418,HA2,B,154,499
(HA2)155,3.7583806167680063,0.7142021575621254,-3.0441784592058805,0.4146697954044276,-0.9825121406722904,HA2,B,155,500
(HA2)156,3.4172474357203133,0.0030951009674136712,-3.4141523347529,0.00291622664710052,-1.0227782169023787,HA2,B,156,501
(HA2)157,2.2759030295667606,0.13179105523750315,-2.1441119743292583,0.125523433717192,-0.8014336568671849,HA2,B,157,502
(HA2)158,3.865013685207289,1.2096627672164026,-2.655350917990886,0.6564032756546156,-0.7773353562153071,HA2,B,158,503
(HA2)159,4.533876619385861,1.294148440109791,-3.2397281792760686,0.7707129426348823,-1.0542716137628128,HA2,B,159,504
(HA2)160,5.623700923002293,1.9282494932693732,-3.695451429732919,0.5847563107640381,-0.7817510266526528,HA2,B,160,505
(HA2)161,3.8454295080731713,0.8405984335684481,-3.004831074504722,0.477058184616913,-1.083685628338291,HA2,B,161,506
(HA2)162,3.0796850239681617,0.580595379746788,-2.4990896442213737,0.4850527984286939,-0.8014411091760207,HA2,B,162,507
(HA2)163,4.2338431187096255,0.7863310389893191,-3.4475120797203065,0.3687863939727734,-1.123419015661268,HA2,B,163,508
(HA2)164,5.784426655281303,1.4226183973266953,-4.361808257954607,0.4952183643932074,-1.0818233806271491,HA2,B,164,509
(HA2)165,5.341429909638153,1.344604355660277,-3.996825553977878,0.5813360208212686,-1.2682674044615576,HA2,B,165,510
(HA2)166,2.397420638839284,1.2405760933926822,-1.156844545446602,0.8356931289909388,-0.8394996527971053,HA2,B,166,511
(HA2)167,3.9950864393768835,1.6857852806676803,-2.309301158709204,0.8867981191881433,-0.6801893523169618,HA2,B,167,512
(HA2)168,7.518880259544456,0.7449762420574896,-6.773904017486968,0.4773491444899148,-1.1539170904963638,HA2,B,168,513
(HA2)169,5.197258263671475,0.7817535824338508,-4.415504681237624,0.4186921341917927,-1.2715595868207703,HA2,B,169,514
(HA2)170,3.669808085921788,2.089523730966906,-1.580284354954882,1.3779834682480407,-0.8947070987937022,HA2,B,170,515
(HA2)171,3.7268192357322447,1.6108327459502716,-2.115986489781973,0.7249418507141598,-0.6319013600222281,HA2,B,171,516
(HA2)172,4.778700957098903,1.867931297567452,-2.9107696595314523,0.3208172085825843,-0.9913135032779912,HA2,B,172,517
(HA2)173,4.2812280847293405,0.7023135657352468,-3.5789145189940927,0.26242600114925346,-0.8011533884491103,HA2,B,173,518
(HA2)174,2.5272455542666354,0.8786013266158943,-1.6486442276507411,0.26287301680287145,-0.6740854508939821,HA2,B,174,519
(HA2)175,0.34196741321427554,0.05572417786411938,-0.28624323535015617,0.055143038711143004,-0.14751245170722405,HA2,B,175,520
(HA2)176,2.667775282648371,0.2396229892703269,-2.4281522933780444,0.2230022412999313,-0.949548996253448,HA2,B,176,521
(HA2)177,3.8053684889841586,0.2621835602108066,-3.543184928773352,0.2621835602108066,-0.8745728743088844,HA2,B,177,522
(HA2)178,4.727018403607089,1.6809868954743423,-3.0460315081327467,0.6747306303215279,-0.8943545818651253,HA2,B,178,523
(HA2)179,5.433083760369097,1.038459493356384,-4.394624267012711,0.2884223661046846,-1.1339939133898087,HA2,B,179,524
(HA2)180,6.99601344991719,2.088591447111385,-4.907422002805807,0.8064662524945823,-0.7987919997373061,HA2,B,180,525
(HA2)181,3.0927786731949785,1.059804363301879,-2.0329743098930995,0.32638544229878635,-0.4552135017062493,HA2,B,181,526
(HA2)182,8.44079488623057,0.8585274128798752,-7.5822674733506945,0.3779993428664751,-1.0786056984200525,HA2,B,182,527
(HA2)183,5.491941530911256,0.4144966658535743,-5.077444865057682,0.4144608983197828,-0.7619970111754926,HA2,B,183,528
(HA2)184,4.149255348450469,2.5963980392872568,-1.5528573091632119,0.7190592033275467,-0.5180762902657536,HA2,B,184,529
(HA2)185,3.6564124360863834,0.9458498134936896,-2.7105626225926933,0.2626658376770291,-0.6351539754758412,HA2,B,185,530
(HA2)186,4.607628016708689,0.7487508828780649,-3.858877133830623,0.2596052469981826,-0.7727906381358587,HA2,B,186,531
(HA2)187,4.214645507322641,0.7188680202046343,-3.4957774871180054,0.26056450664298864,-1.017732773107998,HA2,B,187,532
(HA2)188,0.713569869722795,0.7134954748726688,-7.439485012625945e-05,0.6767919759490881,-2.308214635738773e-05,HA2,B,188,533
(HA2)189,1.6329629359383528,0.2478073381145373,-1.385155597823816,0.2478073381145373,-0.4856836689394985,HA2,B,189,534
(HA2)190,0.9873375267154776,0.1433233768924514,-0.8440141498230261,0.1433233768924514,-0.39797438754451936,HA2,B,190,535
(HA2)191,4.793812420316657,1.6447274022054668,-3.1490850181111893,1.6379510970767264,-1.2057985609473834,HA2,B,191,536
(HA2)192,1.1748362039127591,0.11926605236549802,-1.0555701515472613,0.1165219894929064,-0.6365532138798569,HA2,B,192,537
(HA2)193,2.09766906347844,0.5735567406921342,-1.5241123227863058,0.4848464821670649,-0.7432703565168604,HA2,B,193,538
(HA2)194,1.0914550869049569,0.6605619351157199,-0.4308931517892369,0.6251475391600307,-0.4245019028480451,HA2,B,194,539
(HA2)195,3.953285527418631,0.6378120122193798,-3.315473515199252,0.4369911246325634,-0.8343026711640021,HA2,B,195,540
(HA2)196,6.650148242428836,2.676321083677551,-3.9738271587512837,0.8346139663241373,-0.9960116729945598,HA2,B,196,541
(HA2)197,3.0805127761428857,0.7577700014551774,-2.322742774687708,0.2508006087261083,-0.479191949931867,HA2,B,197,542
(HA2)198,4.025366659402837,1.5274669456296637,-2.4978997137731738,0.4460617115032293,-0.8324846023016971,HA2,B,198,543
(HA2)199,6.768319815031327,1.9672749243895544,-4.801044890641774,1.0317372346121254,-0.8504534779344509,HA2,B,199,544
(HA2)200,7.1472476847767625,1.1677538836190084,-5.979493801157753,0.6762848593702409,-0.9891220545991428,HA2,B,200,545
(HA2)201,4.883729422859911,0.6141119232447139,-4.2696174996151965,0.26205976529193914,-0.6512640486491336,HA2,B,201,546
(HA2)202,4.222242949453793,0.9961371989101812,-3.2261057505436135,0.4847086621269821,-0.5988763840510152,HA2,B,202,547
(HA2)203,4.0379337777954625,0.4852375363388581,-3.5526962414566063,0.35872561751461857,-0.5967868312474174,HA2,B,203,548
(HA2)204,5.6508334909722855,1.5298062909947197,-4.121027199977567,0.4848595620474094,-0.6386911728861575,HA2,B,204,549
(HA2)205,4.2146571186579935,0.20143240512164665,-4.013224713536346,0.1675489815157572,-1.0487612289004318,HA2,B,205,550
(HA2)206,5.421980941619915,0.5184198284411118,-4.903561113178804,0.4845284646923077,-0.8242779136596493,HA2,B,206,551
(HA2)207,8.39935145634443,0.6430017536588801,-7.756349702685553,0.5898897607419,-0.8182874040390866,HA2,B,207,552
(HA2)208,5.750020082167967,1.0767506148090342,-4.673269467358932,0.4841697586265844,-0.9635592712320424,HA2,B,208,553
(HA2)209,3.706390575040989,1.9136081577395605,-1.7927824173014282,1.3000481862766278,-0.4540752513062718,HA2,B,209,554
(HA2)210,2.724768254163957,0.00010104417070736436,-2.7246672099932505,0.00010104417070736436,-0.8010127575576234,HA2,B,210,555
(HA2)211,3.84257782011886,1.4276508418883993,-2.4149269782304605,0.7302037461378519,-0.7366678087197331,HA2,B,211,556
(HA2)212,5.406114925554213,2.707145841968741,-2.698969083585473,0.9069978097661692,-0.6361777573966849,HA2,B,212,557
(HA2)213,1.071385533667232,0.6798455492334345,-0.3915399844337975,0.3707839689402879,-0.2284727662658324,HA2,B,213,558
(HA2)214,3.0348547092673437,0.3211479638553492,-2.713706745411995,0.3205861458249629,-0.6390417567232359,HA2,B,214,559
(HA2)215,1.8723449437690192,0.0,-1.8723449437690192,0.0,-0.5539017834767371,HA2,B,215,560
(HA2)216,3.2768056426017655,0.35009895394607937,-2.9267066886556856,0.19113626089102567,-0.9200069670264236,HA2,B,216,561
(HA2)217,1.7027360912369591,0.2428286917984613,-1.459907399438498,0.24098226770911715,-0.3740557190530884,HA2,B,217,562
(HA2)218,3.604138331895189,1.0594914886333109,-2.5446468432618787,0.4551409640487539,-0.547330195472441,HA2,B,218,563
(HA2)219,3.276464513980203,2.2297505876748924,-1.0467139263053105,0.9987776764758344,-0.6779788249960036,HA2,B,219,564
(HA2)220,2.6108081849600246,0.4021215894008283,-2.208686595559196,0.4021215894008283,-0.9371440124777276,HA2,B,220,565
(HA2)221,3.784711573824656,0.4853521686191673,-3.299359405205488,0.4851408728349461,-0.6781361313083669,HA2,B,221,566
