protein_chain,protein_site,label_site
B,518,518
B,518,518
B,518,518
B,518,518
B,518,518
B,518,518
B,518,518
B,519,519
B,519,519
B,519,519
B,519,519
B,519,519
B,519,519
B,519,519
B,519,519
B,519,519
B,519,519
B,519,519
B,520,520
B,520,520
B,520,520
B,520,520
B,520,520
B,520,520
B,520,520
B,520,520
B,521,521
B,521,521
B,521,521
B,521,521
B,522,522
B,522,522
B,522,522
B,522,522
B,522,522
B,522,522
B,522,522
B,522,522
B,522,522
B,522,522
B,522,522
B,523,523
B,523,523
B,523,523
B,523,523
B,523,523
B,523,523
B,523,523
B,523,523
B,524,524
B,524,524
B,524,524
B,524,524
B,525,525
B,525,525
B,525,525
B,525,525
B,525,525
B,526,526
B,526,526
B,526,526
B,526,526
B,526,526
B,527,527
B,527,527
B,527,527
B,527,527
B,528,528
B,528,528
B,528,528
B,528,528
B,528,528
B,528,528
B,529,529
B,529,529
B,529,529
B,529,529
B,529,529
B,529,529
B,529,529
B,530,530
B,530,530
B,530,530
B,530,530
B,530,530
B,530,530
B,530,530
B,530,530
B,531,531
B,531,531
B,531,531
B,531,531
B,532,532
B,532,532
B,532,532
B,532,532
B,532,532
B,533,533
B,533,533
B,533,533
B,533,533
B,533,533
B,534,534
B,534,534
B,534,534
B,534,534
B,534,534
B,534,534
B,535,535
B,535,535
B,535,535
B,535,535
B,535,535
B,535,535
B,535,535
B,535,535
B,536,536
B,536,536
B,536,536
B,536,536
B,536,536
B,536,536
B,536,536
B,537,537
B,537,537
B,537,537
B,537,537
B,537,537
B,537,537
B,537,537
B,537,537
B,538,538
B,538,538
B,538,538
B,538,538
B,538,538
B,538,538
B,538,538
B,539,539
B,539,539
B,539,539
B,539,539
B,539,539
B,539,539
B,539,539
B,540,540
B,540,540
B,540,540
B,540,540
B,540,540
B,540,540
B,540,540
B,540,540
B,540,540
B,541,541
B,541,541
B,541,541
B,541,541
B,541,541
B,542,542
B,542,542
B,542,542
B,542,542
B,542,542
B,542,542
B,542,542
B,542,542
B,542,542
B,542,542
B,542,542
B,543,543
B,543,543
B,543,543
B,543,543
B,543,543
B,543,543
B,543,543
B,543,543
B,544,544
B,544,544
B,544,544
B,544,544
B,544,544
B,544,544
B,544,544
B,544,544
B,545,545
B,545,545
B,545,545
B,545,545
B,545,545
B,545,545
B,545,545
B,545,545
B,546,546
B,546,546
B,546,546
B,546,546
B,546,546
B,546,546
B,547,547
B,547,547
B,547,547
B,547,547
B,569,569
B,569,569
B,569,569
B,569,569
B,569,569
B,569,569
B,569,569
B,570,570
B,570,570
B,570,570
B,570,570
B,570,570
B,570,570
B,570,570
B,571,571
B,571,571
B,571,571
B,571,571
B,571,571
B,571,571
B,571,571
B,571,571
B,571,571
B,571,571
B,571,571
B,571,571
B,571,571
B,571,571
B,572,572
B,572,572
B,572,572
B,572,572
B,573,573
B,573,573
B,573,573
B,573,573
B,573,573
B,573,573
B,573,573
B,573,573
B,574,574
B,574,574
B,574,574
B,574,574
B,574,574
B,574,574
B,574,574
B,574,574
B,574,574
B,575,575
B,575,575
B,575,575
B,575,575
B,575,575
B,575,575
B,575,575
B,575,575
B,575,575
B,576,576
B,576,576
B,576,576
B,576,576
B,576,576
B,576,576
B,576,576
B,576,576
B,577,577
B,577,577
B,577,577
B,577,577
B,577,577
B,577,577
B,577,577
B,577,577
B,577,577
B,578,578
B,578,578
B,578,578
B,578,578
B,578,578
B,579,579
B,579,579
B,579,579
B,579,579
B,579,579
B,579,579
B,579,579
B,579,579
B,579,579
B,579,579
B,579,579
B,580,580
B,580,580
B,580,580
B,580,580
B,580,580
B,580,580
B,580,580
B,581,581
B,581,581
B,581,581
B,581,581
B,581,581
B,581,581
B,581,581
B,581,581
B,582,582
B,582,582
B,582,582
B,582,582
B,582,582
B,583,583
B,583,583
B,583,583
B,583,583
B,583,583
B,583,583
B,583,583
B,584,584
B,584,584
B,584,584
B,584,584
B,584,584
B,584,584
B,584,584
B,584,584
B,584,584
B,585,585
B,585,585
B,585,585
B,585,585
B,585,585
B,585,585
B,585,585
B,585,585
B,585,585
B,585,585
B,585,585
B,586,586
B,586,586
B,586,586
B,586,586
B,586,586
B,586,586
B,586,586
B,586,586
B,586,586
B,586,586
B,586,586
B,586,586
B,587,587
B,587,587
B,587,587
B,587,587
B,587,587
B,587,587
B,587,587
B,587,587
B,588,588
B,588,588
B,588,588
B,588,588
B,588,588
B,588,588
B,588,588
B,588,588
B,588,588
B,588,588
B,588,588
B,589,589
B,589,589
B,589,589
B,589,589
B,589,589
B,589,589
B,589,589
B,589,589
B,590,590
B,590,590
B,590,590
B,590,590
B,590,590
B,590,590
B,590,590
B,590,590
B,590,590
B,591,591
B,591,591
B,591,591
B,591,591
B,591,591
B,591,591
B,591,591
B,591,591
B,591,591
B,592,592
B,592,592
B,592,592
B,592,592
B,592,592
B,592,592
B,592,592
B,592,592
B,593,593
B,593,593
B,593,593
B,593,593
B,593,593
B,593,593
B,593,593
B,593,593
B,594,594
B,594,594
B,594,594
B,594,594
B,595,595
B,595,595
B,595,595
B,595,595
B,595,595
B,595,595
B,595,595
B,595,595
B,596,596
B,596,596
B,596,596
B,596,596
B,596,596
B,596,596
B,596,596
B,596,596
B,596,596
B,596,596
B,596,596
B,596,596
B,596,596
B,596,596
B,597,597
B,597,597
B,597,597
B,597,597
B,598,598
B,598,598
B,598,598
B,598,598
B,598,598
B,598,598
B,599,599
B,599,599
B,599,599
B,599,599
B,599,599
B,599,599
B,600,600
B,600,600
B,600,600
B,600,600
B,601,601
B,601,601
B,601,601
B,601,601
B,601,601
B,601,601
B,601,601
B,601,601
B,601,601
B,602,602
B,602,602
B,602,602
B,602,602
B,602,602
B,602,602
B,602,602
B,602,602
B,603,603
B,603,603
B,603,603
B,603,603
B,603,603
B,603,603
B,603,603
B,603,603
B,604,604
B,604,604
B,604,604
B,604,604
B,604,604
B,604,604
B,605,605
B,605,605
B,605,605
B,605,605
B,605,605
B,605,605
B,606,606
B,606,606
B,606,606
B,606,606
B,606,606
B,606,606
B,606,606
B,607,607
B,607,607
B,607,607
B,607,607
B,607,607
B,607,607
B,607,607
B,607,607
B,608,608
B,608,608
B,608,608
B,608,608
B,608,608
B,608,608
B,608,608
B,609,609
B,609,609
B,609,609
B,609,609
B,609,609
B,609,609
B,609,609
B,610,610
B,610,610
B,610,610
B,610,610
B,610,610
B,610,610
B,610,610
B,610,610
B,610,610
B,610,610
B,610,610
B,610,610
B,610,610
B,610,610
B,611,611
B,611,611
B,611,611
B,611,611
B,611,611
B,611,611
B,611,611
B,611,611
B,612,612
B,612,612
B,612,612
B,612,612
B,612,612
B,612,612
B,613,613
B,613,613
B,613,613
B,613,613
B,613,613
B,613,613
B,614,614
B,614,614
B,614,614
B,614,614
B,614,614
B,614,614
B,614,614
B,614,614
B,614,614
B,614,614
B,614,614
B,614,614
B,614,614
B,614,614
B,615,615
B,615,615
B,615,615
B,615,615
B,615,615
B,615,615
B,616,616
B,616,616
B,616,616
B,616,616
B,616,616
B,616,616
B,616,616
B,616,616
B,617,617
B,617,617
B,617,617
B,617,617
B,617,617
B,617,617
B,617,617
B,617,617
B,617,617
B,617,617
B,617,617
B,618,618
B,618,618
B,618,618
B,618,618
B,618,618
B,618,618
B,618,618
B,618,618
B,619,619
B,619,619
B,619,619
B,619,619
B,619,619
B,619,619
B,619,619
B,619,619
B,620,620
B,620,620
B,620,620
B,620,620
B,620,620
B,620,620
B,621,621
B,621,621
B,621,621
B,621,621
B,621,621
B,621,621
B,621,621
B,621,621
B,621,621
B,622,622
B,622,622
B,622,622
B,622,622
B,622,622
B,622,622
B,622,622
B,622,622
B,623,623
B,623,623
B,623,623
B,623,623
B,623,623
B,623,623
B,623,623
B,623,623
B,623,623
B,623,623
B,623,623
B,623,623
B,623,623
B,623,623
B,624,624
B,624,624
B,624,624
B,624,624
B,624,624
B,624,624
B,624,624
B,624,624
B,625,625
B,625,625
B,625,625
B,625,625
B,625,625
B,625,625
B,625,625
B,625,625
B,626,626
B,626,626
B,626,626
B,626,626
B,626,626
B,626,626
B,626,626
B,626,626
B,627,627
B,627,627
B,627,627
B,627,627
B,627,627
B,627,627
B,627,627
B,628,628
B,628,628
B,628,628
B,628,628
B,628,628
B,628,628
B,628,628
B,628,628
B,628,628
B,628,628
B,628,628
B,628,628
B,628,628
B,628,628
B,629,629
B,629,629
B,629,629
B,629,629
B,629,629
B,629,629
B,629,629
B,629,629
B,630,630
B,630,630
B,630,630
B,630,630
B,630,630
B,630,630
B,630,630
B,630,630
B,630,630
B,631,631
B,631,631
B,631,631
B,631,631
B,631,631
B,631,631
B,631,631
B,631,631
B,631,631
B,631,631
B,631,631
B,631,631
B,631,631
B,631,631
B,632,632
B,632,632
B,632,632
B,632,632
B,632,632
B,632,632
B,632,632
B,632,632
B,633,633
B,633,633
B,633,633
B,633,633
B,633,633
B,633,633
B,633,633
B,633,633
B,633,633
B,634,634
B,634,634
B,634,634
B,634,634
B,634,634
B,634,634
B,634,634
B,634,634
B,634,634
B,635,635
B,635,635
B,635,635
B,635,635
B,635,635
B,635,635
B,635,635
B,635,635
B,636,636
B,636,636
B,636,636
B,636,636
B,636,636
B,636,636
B,637,637
B,637,637
B,637,637
B,637,637
B,637,637
B,637,637
B,637,637
B,637,637
B,638,638
B,638,638
B,638,638
B,638,638
B,638,638
B,638,638
B,638,638
B,638,638
B,638,638
B,638,638
B,638,638
B,638,638
B,639,639
B,639,639
B,639,639
B,639,639
B,639,639
B,639,639
B,639,639
B,640,640
B,640,640
B,640,640
B,640,640
B,640,640
B,640,640
B,640,640
B,640,640
B,640,640
B,641,641
B,641,641
B,641,641
B,641,641
B,641,641
B,641,641
B,641,641
B,641,641
B,642,642
B,642,642
B,642,642
B,642,642
B,642,642
B,642,642
B,642,642
B,642,642
B,643,643
B,643,643
B,643,643
B,643,643
B,643,643
B,643,643
B,643,643
B,643,643
B,643,643
B,643,643
B,643,643
B,643,643
B,644,644
B,644,644
B,644,644
B,644,644
B,645,645
B,645,645
B,645,645
B,645,645
B,645,645
B,645,645
B,645,645
B,645,645
B,646,646
B,646,646
B,646,646
B,646,646
B,646,646
B,646,646
B,646,646
B,646,646
B,647,647
B,647,647
B,647,647
B,647,647
B,647,647
B,647,647
B,647,647
B,647,647
B,647,647
B,648,648
B,648,648
B,648,648
B,648,648
B,648,648
B,648,648
B,648,648
B,648,648
B,648,648
B,649,649
B,649,649
B,649,649
B,649,649
B,649,649
B,649,649
B,650,650
B,650,650
B,650,650
B,650,650
B,650,650
B,650,650
B,650,650
B,650,650
B,650,650
B,651,651
B,651,651
B,651,651
B,651,651
B,651,651
B,651,651
B,651,651
B,651,651
B,652,652
B,652,652
B,652,652
B,652,652
B,652,652
B,652,652
B,652,652
B,652,652
B,652,652
B,653,653
B,653,653
B,653,653
B,653,653
B,653,653
B,653,653
B,653,653
B,653,653
B,653,653
B,654,654
B,654,654
B,654,654
B,654,654
B,654,654
B,654,654
B,654,654
B,654,654
B,654,654
B,655,655
B,655,655
B,655,655
B,655,655
B,655,655
B,655,655
B,655,655
B,655,655
B,655,655
B,656,656
B,656,656
B,656,656
B,656,656
B,656,656
B,656,656
B,656,656
B,656,656
B,657,657
B,657,657
B,657,657
B,657,657
B,657,657
B,657,657
B,657,657
B,657,657
B,657,657
B,658,658
B,658,658
B,658,658
B,658,658
B,658,658
B,658,658
B,658,658
B,658,658
B,658,658
B,659,659
B,659,659
B,659,659
B,659,659
B,659,659
B,659,659
B,659,659
B,659,659
B,660,660
B,660,660
B,660,660
B,660,660
B,660,660
B,660,660
B,660,660
B,660,660
B,661,661
B,661,661
B,661,661
B,661,661
B,661,661
B,661,661
B,661,661
B,661,661
B,662,662
B,662,662
B,662,662
B,662,662
B,662,662
B,663,663
B,663,663
B,663,663
B,663,663
B,663,663
B,663,663
B,663,663
B,663,663
B,664,664
B,664,664
B,664,664
B,664,664
B,664,664
B,664,664
B,664,664
B,664,664
G,31,31
G,31,31
G,31,31
G,31,31
G,31,31
G,32,32
G,32,32
G,32,32
G,32,32
G,32,32
G,32,32
G,32,32
G,32,32
G,32,32
G,33,33
G,33,33
G,33,33
G,33,33
G,33,33
G,33,33
G,33,33
G,33,33
G,34,34
G,34,34
G,34,34
G,34,34
G,34,34
G,34,34
G,34,34
G,34,34
G,35,35
G,35,35
G,35,35
G,35,35
G,35,35
G,35,35
G,35,35
G,35,35
G,35,35
G,35,35
G,35,35
G,35,35
G,35,35
G,35,35
G,36,36
G,36,36
G,36,36
G,36,36
G,36,36
G,36,36
G,36,36
G,37,37
G,37,37
G,37,37
G,37,37
G,37,37
G,37,37
G,37,37
G,38,38
G,38,38
G,38,38
G,38,38
G,38,38
G,38,38
G,38,38
G,39,39
G,39,39
G,39,39
G,39,39
G,39,39
G,39,39
G,39,39
G,39,39
G,39,39
G,39,39
G,39,39
G,39,39
G,40,40
G,40,40
G,40,40
G,40,40
G,40,40
G,40,40
G,40,40
G,40,40
G,40,40
G,40,40
G,40,40
G,40,40
G,41,41
G,41,41
G,41,41
G,41,41
G,42,42
G,42,42
G,42,42
G,42,42
G,42,42
G,42,42
G,42,42
G,43,43
G,43,43
G,43,43
G,43,43
G,43,43
G,43,43
G,43,43
G,44,44
G,44,44
G,44,44
G,44,44
G,44,44
G,44,44
G,44,44
G,45,45
G,45,45
G,45,45
G,45,45
G,45,45
G,45,45
G,45,45
G,45,45
G,45,45
G,45,45
G,45,45
G,45,45
G,45,45
G,45,45
G,46,46
G,46,46
G,46,46
G,46,46
G,46,46
G,46,46
G,46,46
G,46,46
G,46,46
G,47,47
G,47,47
G,47,47
G,47,47
G,47,47
G,47,47
G,47,47
G,47,47
G,48,48
G,48,48
G,48,48
G,48,48
G,48,48
G,49,49
G,49,49
G,49,49
G,49,49
G,49,49
G,49,49
G,49,49
G,49,49
G,49,49
G,50,50
G,50,50
G,50,50
G,50,50
G,50,50
G,50,50
G,50,50
G,51,51
G,51,51
G,51,51
G,51,51
G,51,51
G,51,51
G,51,51
G,52,52
G,52,52
G,52,52
G,52,52
G,52,52
G,52,52
G,52,52
G,52,52
G,53,53
G,53,53
G,53,53
G,53,53
G,53,53
G,53,53
G,53,53
G,53,53
G,53,53
G,53,53
G,53,53
G,54,54
G,54,54
G,54,54
G,54,54
G,54,54
G,54,54
G,55,55
G,55,55
G,55,55
G,55,55
G,55,55
G,56,56
G,56,56
G,56,56
G,56,56
G,56,56
G,56,56
G,57,57
G,57,57
G,57,57
G,57,57
G,57,57
G,57,57
G,57,57
G,57,57
G,58,58
G,58,58
G,58,58
G,58,58
G,58,58
G,59,59
G,59,59
G,59,59
G,59,59
G,59,59
G,59,59
G,59,59
G,59,59
G,59,59
G,60,60
G,60,60
G,60,60
G,60,60
G,60,60
G,61,61
G,61,61
G,61,61
G,61,61
G,61,61
G,61,61
G,61,61
G,61,61
G,61,61
G,61,61
G,61,61
G,61,61
G,62,62
G,62,62
G,62,62
G,62,62
G,62,62
G,62,62
G,62,62
G,62,62
G,62,62
G,63,63
G,63,63
G,63,63
G,63,63
G,63,63
G,63,63
G,63,63
G,64,64
G,64,64
G,64,64
G,64,64
G,64,64
G,64,64
G,64,64
G,64,64
G,64,64
G,65,65
G,65,65
G,65,65
G,65,65
G,65,65
G,65,65
G,65,65
G,65,65
G,65,65
G,66,66
G,66,66
G,66,66
G,66,66
G,66,66
G,66,66
G,66,66
G,66,66
G,66,66
G,66,66
G,67,67
G,67,67
G,67,67
G,67,67
G,67,67
G,67,67
G,67,67
G,67,67
G,68,68
G,68,68
G,68,68
G,68,68
G,68,68
G,68,68
G,68,68
G,69,69
G,69,69
G,69,69
G,69,69
G,69,69
G,69,69
G,69,69
G,69,69
G,69,69
G,69,69
G,69,69
G,69,69
G,69,69
G,69,69
G,70,70
G,70,70
G,70,70
G,70,70
G,70,70
G,71,71
G,71,71
G,71,71
G,71,71
G,71,71
G,71,71
G,71,71
G,72,72
G,72,72
G,72,72
G,72,72
G,72,72
G,72,72
G,72,72
G,72,72
G,72,72
G,72,72
G,73,73
G,73,73
G,73,73
G,73,73
G,73,73
G,74,74
G,74,74
G,74,74
G,74,74
G,74,74
G,74,74
G,75,75
G,75,75
G,75,75
G,75,75
G,75,75
G,75,75
G,75,75
G,76,76
G,76,76
G,76,76
G,76,76
G,76,76
G,76,76
G,76,76
G,77,77
G,77,77
G,77,77
G,77,77
G,77,77
G,77,77
G,77,77
G,78,78
G,78,78
G,78,78
G,78,78
G,78,78
G,78,78
G,78,78
G,78,78
G,79,79
G,79,79
G,79,79
G,79,79
G,79,79
G,79,79
G,79,79
G,80,80
G,80,80
G,80,80
G,80,80
G,80,80
G,80,80
G,80,80
G,80,80
G,81,81
G,81,81
G,81,81
G,81,81
G,81,81
G,81,81
G,81,81
G,82,82
G,82,82
G,82,82
G,82,82
G,82,82
G,82,82
G,82,82
G,82,82
G,82,82
G,83,83
G,83,83
G,83,83
G,83,83
G,83,83
G,83,83
G,83,83
G,83,83
G,83,83
G,84,84
G,84,84
G,84,84
G,84,84
G,84,84
G,84,84
G,84,84
G,84,84
G,85,85
G,85,85
G,85,85
G,85,85
G,85,85
G,85,85
G,85,85
G,85,85
G,85,85
G,85,85
G,86,86
G,86,86
G,86,86
G,86,86
G,86,86
G,86,86
G,86,86
G,86,86
G,87,87
G,87,87
G,87,87
G,87,87
G,87,87
G,87,87
G,87,87
G,87,87
G,87,87
G,88,88
G,88,88
G,88,88
G,88,88
G,88,88
G,88,88
G,88,88
G,88,88
G,89,89
G,89,89
G,89,89
G,89,89
G,89,89
G,89,89
G,89,89
G,90,90
G,90,90
G,90,90
G,90,90
G,90,90
G,90,90
G,90,90
G,91,91
G,91,91
G,91,91
G,91,91
G,91,91
G,91,91
G,91,91
G,91,91
G,91,91
G,92,92
G,92,92
G,92,92
G,92,92
G,92,92
G,92,92
G,92,92
G,92,92
G,92,92
G,93,93
G,93,93
G,93,93
G,93,93
G,93,93
G,93,93
G,93,93
G,93,93
G,93,93
G,93,93
G,93,93
G,94,94
G,94,94
G,94,94
G,94,94
G,94,94
G,94,94
G,94,94
G,94,94
G,95,95
G,95,95
G,95,95
G,95,95
G,95,95
G,95,95
G,95,95
G,95,95
G,96,96
G,96,96
G,96,96
G,96,96
G,96,96
G,96,96
G,96,96
G,96,96
G,96,96
G,96,96
G,96,96
G,96,96
G,96,96
G,96,96
G,97,97
G,97,97
G,97,97
G,97,97
G,97,97
G,97,97
G,97,97
G,97,97
G,97,97
G,98,98
G,98,98
G,98,98
G,98,98
G,98,98
G,98,98
G,98,98
G,98,98
G,99,99
G,99,99
G,99,99
G,99,99
G,99,99
G,99,99
G,99,99
G,99,99
G,100,100
G,100,100
G,100,100
G,100,100
G,100,100
G,100,100
G,100,100
G,100,100
G,101,101
G,101,101
G,101,101
G,101,101
G,101,101
G,101,101
G,101,101
G,102,102
G,102,102
G,102,102
G,102,102
G,102,102
G,102,102
G,102,102
G,102,102
G,102,102
G,103,103
G,103,103
G,103,103
G,103,103
G,103,103
G,103,103
G,103,103
G,103,103
G,103,103
G,104,104
G,104,104
G,104,104
G,104,104
G,104,104
G,104,104
G,104,104
G,104,104
G,105,105
G,105,105
G,105,105
G,105,105
G,105,105
G,105,105
G,105,105
G,105,105
G,105,105
G,105,105
G,106,106
G,106,106
G,106,106
G,106,106
G,106,106
G,106,106
G,106,106
G,107,107
G,107,107
G,107,107
G,107,107
G,107,107
G,107,107
G,107,107
G,107,107
G,108,108
G,108,108
G,108,108
G,108,108
G,108,108
G,108,108
G,108,108
G,108,108
G,109,109
G,109,109
G,109,109
G,109,109
G,109,109
G,109,109
G,109,109
G,109,109
G,110,110
G,110,110
G,110,110
G,110,110
G,110,110
G,110,110
G,111,111
G,111,111
G,111,111
G,111,111
G,111,111
G,111,111
G,111,111
G,111,111
G,112,112
G,112,112
G,112,112
G,112,112
G,112,112
G,112,112
G,112,112
G,112,112
G,112,112
G,112,112
G,112,112
G,112,112
G,112,112
G,112,112
G,113,113
G,113,113
G,113,113
G,113,113
G,113,113
G,113,113
G,113,113
G,113,113
G,114,114
G,114,114
G,114,114
G,114,114
G,114,114
G,114,114
G,114,114
G,114,114
G,114,114
G,115,115
G,115,115
G,115,115
G,115,115
G,115,115
G,115,115
G,116,116
G,116,116
G,116,116
G,116,116
G,116,116
G,116,116
G,116,116
G,116,116
G,117,117
G,117,117
G,117,117
G,117,117
G,117,117
G,117,117
G,117,117
G,117,117
G,117,117
G,118,118
G,118,118
G,118,118
G,118,118
G,118,118
G,118,118
G,118,118
G,119,119
G,119,119
G,119,119
G,119,119
G,119,119
G,119,119
G,120,120
G,120,120
G,120,120
G,120,120
G,120,120
G,120,120
G,120,120
G,121,121
G,121,121
G,121,121
G,121,121
G,121,121
G,121,121
G,121,121
G,121,121
G,121,121
G,122,122
G,122,122
G,122,122
G,122,122
G,122,122
G,122,122
G,122,122
G,122,122
G,123,123
G,123,123
G,123,123
G,123,123
G,123,123
G,123,123
G,123,123
G,124,124
G,124,124
G,124,124
G,124,124
G,124,124
G,124,124
G,124,124
G,125,125
G,125,125
G,125,125
G,125,125
G,125,125
G,125,125
G,125,125
G,125,125
G,126,126
G,126,126
G,126,126
G,126,126
G,126,126
G,126,126
G,127,127
G,127,127
G,127,127
G,127,127
G,127,127
G,127,127
G,127,127
G,128,128
G,128,128
G,128,128
G,128,128
G,128,128
G,128,128
G,128,128
G,129,129
G,129,129
G,129,129
G,129,129
G,129,129
G,129,129
G,129,129
G,129,129
G,130,130
G,130,130
G,130,130
G,130,130
G,130,130
G,130,130
G,130,130
G,130,130
G,130,130
G,131,131
G,131,131
G,131,131
G,131,131
G,131,131
G,131,131
G,132,132
G,132,132
G,132,132
G,132,132
G,132,132
G,132,132
G,132,132
G,133,133
G,133,133
G,133,133
G,133,133
G,133,133
G,133,133
G,133,133
G,133,133
G,134,134
G,134,134
G,134,134
G,134,134
G,134,134
G,134,134
G,134,134
G,135,135
G,135,135
G,135,135
G,135,135
G,135,135
G,135,135
G,135,135
G,136,136
G,136,136
G,136,136
G,136,136
G,136,136
G,136,136
G,136,136
G,136,136
G,137,137
G,137,137
G,137,137
G,137,137
G,137,137
G,137,137
G,137,137
G,137,137
G,138,138
G,138,138
G,138,138
G,138,138
G,138,138
G,138,138
G,138,138
G,138,138
G,139,139
G,139,139
G,139,139
G,139,139
G,139,139
G,139,139
G,139,139
G,140,140
G,140,140
G,140,140
G,140,140
G,140,140
G,140,140
G,140,140
G,140,140
G,141,141
G,141,141
G,141,141
G,141,141
G,141,141
G,141,141
G,141,141
G,141,141
G,150,150
G,150,150
G,150,150
G,150,150
G,150,150
G,150,150
G,150,150
G,150,150
G,151,151
G,151,151
G,151,151
G,151,151
G,151,151
G,151,151
G,151,151
G,151,151
G,151,151
G,151,151
G,151,151
G,152,152
G,152,152
G,152,152
G,152,152
G,153,153
G,153,153
G,153,153
G,153,153
G,153,153
G,153,153
G,153,153
G,153,153
G,153,153
G,154,154
G,154,154
G,154,154
G,154,154
G,154,154
G,154,154
G,154,154
G,154,154
G,155,155
G,155,155
G,155,155
G,155,155
G,155,155
G,155,155
G,155,155
G,155,155
G,155,155
G,156,156
G,156,156
G,156,156
G,156,156
G,156,156
G,156,156
G,156,156
G,156,156
G,157,157
G,157,157
G,157,157
G,157,157
G,157,157
G,157,157
G,158,158
G,158,158
G,158,158
G,158,158
G,158,158
G,158,158
G,159,159
G,159,159
G,159,159
G,159,159
G,159,159
G,159,159
G,159,159
G,159,159
G,159,159
G,159,159
G,159,159
G,160,160
G,160,160
G,160,160
G,160,160
G,160,160
G,160,160
G,160,160
G,160,160
G,161,161
G,161,161
G,161,161
G,161,161
G,161,161
G,161,161
G,161,161
G,161,161
G,162,162
G,162,162
G,162,162
G,162,162
G,162,162
G,162,162
G,162,162
G,163,163
G,163,163
G,163,163
G,163,163
G,163,163
G,163,163
G,163,163
G,164,164
G,164,164
G,164,164
G,164,164
G,164,164
G,164,164
G,164,164
G,164,164
G,164,164
G,165,165
G,165,165
G,165,165
G,165,165
G,165,165
G,165,165
G,165,165
G,165,165
G,166,166
G,166,166
G,166,166
G,166,166
G,166,166
G,166,166
G,166,166
G,166,166
G,166,166
G,166,166
G,166,166
G,167,167
G,167,167
G,167,167
G,167,167
G,167,167
G,167,167
G,167,167
G,167,167
G,168,168
G,168,168
G,168,168
G,168,168
G,168,168
G,168,168
G,168,168
G,168,168
G,168,168
G,169,169
G,169,169
G,169,169
G,169,169
G,169,169
G,169,169
G,169,169
G,169,169
G,169,169
G,170,170
G,170,170
G,170,170
G,170,170
G,170,170
G,170,170
G,170,170
G,170,170
G,170,170
G,171,171
G,171,171
G,171,171
G,171,171
G,171,171
G,171,171
G,171,171
G,171,171
G,171,171
G,172,172
G,172,172
G,172,172
G,172,172
G,172,172
G,172,172
G,172,172
G,173,173
G,173,173
G,173,173
G,173,173
G,173,173
G,173,173
G,173,173
G,173,173
G,173,173
G,173,173
G,173,173
G,173,173
G,174,174
G,174,174
G,174,174
G,174,174
G,174,174
G,174,174
G,175,175
G,175,175
G,175,175
G,175,175
G,175,175
G,175,175
G,175,175
G,175,175
G,176,176
G,176,176
G,176,176
G,176,176
G,176,176
G,176,176
G,176,176
G,176,176
G,176,176
G,176,176
G,176,176
G,177,177
G,177,177
G,177,177
G,177,177
G,177,177
G,177,177
G,177,177
G,177,177
G,177,177
G,177,177
G,177,177
G,177,177
G,178,178
G,178,178
G,178,178
G,178,178
G,178,178
G,178,178
G,178,178
G,178,178
G,178,178
G,178,178
G,178,178
G,179,179
G,179,179
G,179,179
G,179,179
G,179,179
G,179,179
G,179,179
G,179,179
G,180,180
G,180,180
G,180,180
G,180,180
G,180,180
G,180,180
G,180,180
G,180,180
G,181,181
G,181,181
G,181,181
G,181,181
G,181,181
G,181,181
G,181,181
G,182,182
G,182,182
G,182,182
G,182,182
G,182,182
G,182,182
G,182,182
G,183,183
G,183,183
G,183,183
G,183,183
G,183,183
G,183,183
G,183,183
G,183,183
G,183,183
G,184,184
G,184,184
G,184,184
G,184,184
G,184,184
G,184,184
G,184,184
G,184,184
G,185,185
G,185,185
G,185,185
G,185,185
G,185,185
G,185,185
G,185,185
G,185,185
G,187,187
G,187,187
G,187,187
G,187,187
G,187,187
G,187,187
G,188,188
G,188,188
G,188,188
G,188,188
G,188,188
G,188,188
G,188,188
G,188,188
G,189,189
G,189,189
G,189,189
G,189,189
G,189,189
G,189,189
G,189,189
G,189,189
G,189,189
G,190,190
G,190,190
G,190,190
G,190,190
G,190,190
G,190,190
G,190,190
G,190,190
G,190,190
G,191,191
G,191,191
G,191,191
G,191,191
G,191,191
G,191,191
G,191,191
G,191,191
G,191,191
G,191,191
G,191,191
G,191,191
G,192,192
G,192,192
G,192,192
G,192,192
G,192,192
G,192,192
G,192,192
G,192,192
G,192,192
G,192,192
G,192,192
G,193,193
G,193,193
G,193,193
G,193,193
G,193,193
G,193,193
G,193,193
G,193,193
G,194,194
G,194,194
G,194,194
G,194,194
G,194,194
G,194,194
G,194,194
G,194,194
G,195,195
G,195,195
G,195,195
G,195,195
G,195,195
G,195,195
G,195,195
G,195,195
G,196,196
G,196,196
G,196,196
G,196,196
G,196,196
G,196,196
G,197,197
G,197,197
G,197,197
G,197,197
G,197,197
G,197,197
G,197,197
G,197,197
G,198,198
G,198,198
G,198,198
G,198,198
G,198,198
G,198,198
G,198,198
G,199,199
G,199,199
G,199,199
G,199,199
G,199,199
G,199,199
G,200,200
G,200,200
G,200,200
G,200,200
G,200,200
G,201,201
G,201,201
G,201,201
G,201,201
G,201,201
G,201,201
G,201,201
G,201,201
G,202,202
G,202,202
G,202,202
G,202,202
G,202,202
G,202,202
G,202,202
G,203,203
G,203,203
G,203,203
G,203,203
G,203,203
G,203,203
G,203,203
G,203,203
G,203,203
G,204,204
G,204,204
G,204,204
G,204,204
G,204,204
G,205,205
G,205,205
G,205,205
G,205,205
G,205,205
G,205,205
G,206,206
G,206,206
G,206,206
G,206,206
G,206,206
G,206,206
G,206,206
G,207,207
G,207,207
G,207,207
G,207,207
G,207,207
G,207,207
G,207,207
G,207,207
G,207,207
G,208,208
G,208,208
G,208,208
G,208,208
G,208,208
G,208,208
G,208,208
G,209,209
G,209,209
G,209,209
G,209,209
G,209,209
G,209,209
G,210,210
G,210,210
G,210,210
G,210,210
G,210,210
G,210,210
G,210,210
G,210,210
G,210,210
G,210,210
G,210,210
G,211,211
G,211,211
G,211,211
G,211,211
G,211,211
G,211,211
G,211,211
G,211,211
G,211,211
G,212,212
G,212,212
G,212,212
G,212,212
G,212,212
G,212,212
G,212,212
G,213,213
G,213,213
G,213,213
G,213,213
G,213,213
G,213,213
G,213,213
G,213,213
G,214,214
G,214,214
G,214,214
G,214,214
G,214,214
G,214,214
G,214,214
G,215,215
G,215,215
G,215,215
G,215,215
G,215,215
G,215,215
G,215,215
G,215,215
G,216,216
G,216,216
G,216,216
G,216,216
G,216,216
G,216,216
G,216,216
G,216,216
G,216,216
G,216,216
G,217,217
G,217,217
G,217,217
G,217,217
G,217,217
G,217,217
G,217,217
G,217,217
G,217,217
G,217,217
G,217,217
G,217,217
G,218,218
G,218,218
G,218,218
G,218,218
G,218,218
G,218,218
G,219,219
G,219,219
G,219,219
G,219,219
G,219,219
G,220,220
G,220,220
G,220,220
G,220,220
G,220,220
G,220,220
G,220,220
G,221,221
G,221,221
G,221,221
G,221,221
G,221,221
G,222,222
G,222,222
G,222,222
G,222,222
G,223,223
G,223,223
G,223,223
G,223,223
G,223,223
G,223,223
G,223,223
G,223,223
G,223,223
G,223,223
G,223,223
G,224,224
G,224,224
G,224,224
G,224,224
G,224,224
G,225,225
G,225,225
G,225,225
G,225,225
G,225,225
G,225,225
G,225,225
G,225,225
G,226,226
G,226,226
G,226,226
G,226,226
G,226,226
G,226,226
G,226,226
G,226,226
G,227,227
G,227,227
G,227,227
G,227,227
G,227,227
G,227,227
G,227,227
G,227,227
G,227,227
G,228,228
G,228,228
G,228,228
G,228,228
G,228,228
G,228,228
G,229,229
G,229,229
G,229,229
G,229,229
G,229,229
G,229,229
G,229,229
G,229,229
G,229,229
G,230,230
G,230,230
G,230,230
G,230,230
G,230,230
G,230,230
G,230,230
G,230,230
G,231,231
G,231,231
G,231,231
G,231,231
G,231,231
G,231,231
G,231,231
G,231,231
G,231,231
G,232,232
G,232,232
G,232,232
G,232,232
G,232,232
G,232,232
G,232,232
G,232,232
G,232,232
G,233,233
G,233,233
G,233,233
G,233,233
G,233,233
G,233,233
G,233,233
G,233,233
G,233,233
G,233,233
G,233,233
G,234,234
G,234,234
G,234,234
G,234,234
G,234,234
G,234,234
G,234,234
G,234,234
G,235,235
G,235,235
G,235,235
G,235,235
G,236,236
G,236,236
G,236,236
G,236,236
G,236,236
G,236,236
G,236,236
G,237,237
G,237,237
G,237,237
G,237,237
G,238,238
G,238,238
G,238,238
G,238,238
G,238,238
G,238,238
G,238,238
G,239,239
G,239,239
G,239,239
G,239,239
G,239,239
G,239,239
G,240,240
G,240,240
G,240,240
G,240,240
G,240,240
G,240,240
G,240,240
G,241,241
G,241,241
G,241,241
G,241,241
G,241,241
G,241,241
G,242,242
G,242,242
G,242,242
G,242,242
G,242,242
G,242,242
G,242,242
G,243,243
G,243,243
G,243,243
G,243,243
G,243,243
G,243,243
G,244,244
G,244,244
G,244,244
G,244,244
G,244,244
G,244,244
G,244,244
G,245,245
G,245,245
G,245,245
G,245,245
G,245,245
G,245,245
G,245,245
G,246,246
G,246,246
G,246,246
G,246,246
G,246,246
G,246,246
G,246,246
G,246,246
G,246,246
G,247,247
G,247,247
G,247,247
G,247,247
G,247,247
G,247,247
G,248,248
G,248,248
G,248,248
G,248,248
G,248,248
G,248,248
G,248,248
G,249,249
G,249,249
G,249,249
G,249,249
G,249,249
G,249,249
G,249,249
G,249,249
G,249,249
G,249,249
G,250,250
G,250,250
G,250,250
G,250,250
G,251,251
G,251,251
G,251,251
G,251,251
G,251,251
G,251,251
G,251,251
G,251,251
G,252,252
G,252,252
G,252,252
G,252,252
G,252,252
G,252,252
G,252,252
G,252,252
G,252,252
G,253,253
G,253,253
G,253,253
G,253,253
G,253,253
G,253,253
G,253,253
G,254,254
G,254,254
G,254,254
G,254,254
G,254,254
G,254,254
G,254,254
G,255,255
G,255,255
G,255,255
G,255,255
G,255,255
G,255,255
G,255,255
G,256,256
G,256,256
G,256,256
G,256,256
G,256,256
G,256,256
G,257,257
G,257,257
G,257,257
G,257,257
G,257,257
G,257,257
G,257,257
G,258,258
G,258,258
G,258,258
G,258,258
G,258,258
G,258,258
G,258,258
G,258,258
G,258,258
G,259,259
G,259,259
G,259,259
G,259,259
G,259,259
G,259,259
G,259,259
G,259,259
G,260,260
G,260,260
G,260,260
G,260,260
G,260,260
G,260,260
G,260,260
G,260,260
G,261,261
G,261,261
G,261,261
G,261,261
G,261,261
G,261,261
G,261,261
G,261,261
G,262,262
G,262,262
G,262,262
G,262,262
G,262,262
G,262,262
G,262,262
G,262,262
G,263,263
G,263,263
G,263,263
G,263,263
G,264,264
G,264,264
G,264,264
G,264,264
G,264,264
G,264,264
G,265,265
G,265,265
G,265,265
G,265,265
G,265,265
G,265,265
G,265,265
G,265,265
G,266,266
G,266,266
G,266,266
G,266,266
G,266,266
G,267,267
G,267,267
G,267,267
G,267,267
G,267,267
G,267,267
G,267,267
G,267,267
G,267,267
G,268,268
G,268,268
G,268,268
G,268,268
G,268,268
G,268,268
G,268,268
G,268,268
G,268,268
G,269,269
G,269,269
G,269,269
G,269,269
G,269,269
G,269,269
G,269,269
G,269,269
G,269,269
G,270,270
G,270,270
G,270,270
G,270,270
G,270,270
G,270,270
G,270,270
G,271,271
G,271,271
G,271,271
G,271,271
G,271,271
G,271,271
G,271,271
G,271,271
G,272,272
G,272,272
G,272,272
G,272,272
G,272,272
G,272,272
G,272,272
G,272,272
G,273,273
G,273,273
G,273,273
G,273,273
G,273,273
G,273,273
G,273,273
G,273,273
G,273,273
G,273,273
G,273,273
G,274,274
G,274,274
G,274,274
G,274,274
G,274,274
G,274,274
G,275,275
G,275,275
G,275,275
G,275,275
G,275,275
G,275,275
G,275,275
G,275,275
G,275,275
G,276,276
G,276,276
G,276,276
G,276,276
G,276,276
G,276,276
G,276,276
G,276,276
G,277,277
G,277,277
G,277,277
G,277,277
G,277,277
G,277,277
G,277,277
G,277,277
G,278,278
G,278,278
G,278,278
G,278,278
G,278,278
G,278,278
G,278,278
G,279,279
G,279,279
G,279,279
G,279,279
G,279,279
G,279,279
G,279,279
G,279,279
G,280,280
G,280,280
G,280,280
G,280,280
G,280,280
G,280,280
G,280,280
G,280,280
G,281,281
G,281,281
G,281,281
G,281,281
G,281,281
G,282,282
G,282,282
G,282,282
G,282,282
G,282,282
G,282,282
G,282,282
G,282,282
G,282,282
G,283,283
G,283,283
G,283,283
G,283,283
G,283,283
G,283,283
G,283,283
G,283,283
G,284,284
G,284,284
G,284,284
G,284,284
G,284,284
G,284,284
G,284,284
G,284,284
G,285,285
G,285,285
G,285,285
G,285,285
G,285,285
G,285,285
G,285,285
G,285,285
G,286,286
G,286,286
G,286,286
G,286,286
G,286,286
G,286,286
G,286,286
G,287,287
G,287,287
G,287,287
G,287,287
G,287,287
G,287,287
G,287,287
G,287,287
G,287,287
G,288,288
G,288,288
G,288,288
G,288,288
G,288,288
G,288,288
G,288,288
G,288,288
G,288,288
G,288,288
G,288,288
G,289,289
G,289,289
G,289,289
G,289,289
G,289,289
G,289,289
G,289,289
G,289,289
G,290,290
G,290,290
G,290,290
G,290,290
G,290,290
G,290,290
G,290,290
G,291,291
G,291,291
G,291,291
G,291,291
G,291,291
G,291,291
G,291,291
G,292,292
G,292,292
G,292,292
G,292,292
G,292,292
G,292,292
G,292,292
G,293,293
G,293,293
G,293,293
G,293,293
G,293,293
G,293,293
G,293,293
G,293,293
G,293,293
G,294,294
G,294,294
G,294,294
G,294,294
G,294,294
G,294,294
G,294,294
G,294,294
G,295,295
G,295,295
G,295,295
G,295,295
G,295,295
G,295,295
G,295,295
G,295,295
G,296,296
G,296,296
G,296,296
G,296,296
G,296,296
G,296,296
G,297,297
G,297,297
G,297,297
G,297,297
G,297,297
G,297,297
G,297,297
G,298,298
G,298,298
G,298,298
G,298,298
G,298,298
G,298,298
G,298,298
G,298,298
G,298,298
G,298,298
G,298,298
G,299,299
G,299,299
G,299,299
G,299,299
G,299,299
G,299,299
G,299,299
G,300,300
G,300,300
G,300,300
G,300,300
G,300,300
G,300,300
G,300,300
G,300,300
G,301,301
G,301,301
G,301,301
G,301,301
G,301,301
G,301,301
G,301,301
G,301,301
G,302,302
G,302,302
G,302,302
G,302,302
G,302,302
G,302,302
G,302,302
G,302,302
G,303,303
G,303,303
G,303,303
G,303,303
G,303,303
G,303,303
G,303,303
G,304,304
G,304,304
G,304,304
G,304,304
G,304,304
G,304,304
G,304,304
G,304,304
G,304,304
G,304,304
G,304,304
G,305,305
G,305,305
G,305,305
G,305,305
G,305,305
G,305,305
G,305,305
G,305,305
G,305,305
G,306,306
G,306,306
G,306,306
G,306,306
G,306,306
G,306,306
G,307,307
G,307,307
G,307,307
G,307,307
G,307,307
G,307,307
G,307,307
G,307,307
G,308,308
G,308,308
G,308,308
G,308,308
G,308,308
G,308,308
G,308,308
G,308,308
G,308,308
G,308,308
G,308,308
G,309,309
G,309,309
G,309,309
G,309,309
G,309,309
G,309,309
G,309,309
G,309,309
G,312,312
G,312,312
G,312,312
G,312,312
G,313,313
G,313,313
G,313,313
G,313,313
G,313,313
G,313,313
G,313,313
G,314,314
G,314,314
G,314,314
G,314,314
G,315,315
G,315,315
G,315,315
G,315,315
G,315,315
G,315,315
G,315,315
G,315,315
G,315,315
G,316,316
G,316,316
G,316,316
G,316,316
G,316,316
G,317,317
G,317,317
G,317,317
G,317,317
G,317,317
G,317,317
G,317,317
G,317,317
G,317,317
G,317,317
G,317,317
G,318,318
G,318,318
G,318,318
G,318,318
G,318,318
G,318,318
G,318,318
G,318,318
G,318,318
G,318,318
G,318,318
G,318,318
G,319,319
G,319,319
G,319,319
G,319,319
G,319,319
G,320,320
G,320,320
G,320,320
G,320,320
G,320,320
G,320,320
G,320,320
G,321,321
G,321,321
G,321,321
G,321,321
G,321A,321A
G,321A,321A
G,321A,321A
G,321A,321A
G,321A,321A
G,321A,321A
G,321A,321A
G,321A,321A
G,322,322
G,322,322
G,322,322
G,322,322
G,322,322
G,322,322
G,322,322
G,322,322
G,323,323
G,323,323
G,323,323
G,323,323
G,323,323
G,323,323
G,323,323
G,323,323
G,324,324
G,324,324
G,324,324
G,324,324
G,325,325
G,325,325
G,325,325
G,325,325
G,325,325
G,325,325
G,325,325
G,325,325
G,326,326
G,326,326
G,326,326
G,326,326
G,326,326
G,326,326
G,326,326
G,326,326
G,327,327
G,327,327
G,327,327
G,327,327
G,327,327
G,327,327
G,327,327
G,327,327
G,327,327
G,327,327
G,327,327
G,328,328
G,328,328
G,328,328
G,328,328
G,328,328
G,328,328
G,328,328
G,328,328
G,328,328
G,329,329
G,329,329
G,329,329
G,329,329
G,329,329
G,330,330
G,330,330
G,330,330
G,330,330
G,330,330
G,330,330
G,330,330
G,330,330
G,330,330
G,330,330
G,331,331
G,331,331
G,331,331
G,331,331
G,331,331
G,331,331
G,332,332
G,332,332
G,332,332
G,332,332
G,332,332
G,332,332
G,332,332
G,332,332
G,333,333
G,333,333
G,333,333
G,333,333
G,333,333
G,333,333
G,333,333
G,334,334
G,334,334
G,334,334
G,334,334
G,334,334
G,334,334
G,335,335
G,335,335
G,335,335
G,335,335
G,335,335
G,335,335
G,335,335
G,335,335
G,335,335
G,336,336
G,336,336
G,336,336
G,336,336
G,336,336
G,337,337
G,337,337
G,337,337
G,337,337
G,337,337
G,337,337
G,337,337
G,338,338
G,338,338
G,338,338
G,338,338
G,338,338
G,338,338
G,338,338
G,338,338
G,338,338
G,338,338
G,338,338
G,338,338
G,338,338
G,338,338
G,339,339
G,339,339
G,339,339
G,339,339
G,339,339
G,339,339
G,339,339
G,339,339
G,340,340
G,340,340
G,340,340
G,340,340
G,340,340
G,340,340
G,340,340
G,340,340
G,340,340
G,341,341
G,341,341
G,341,341
G,341,341
G,341,341
G,341,341
G,341,341
G,342,342
G,342,342
G,342,342
G,342,342
G,342,342
G,342,342
G,342,342
G,342,342
G,343,343
G,343,343
G,343,343
G,343,343
G,344,344
G,344,344
G,344,344
G,344,344
G,344,344
G,344,344
G,344,344
G,344,344
G,344,344
G,345,345
G,345,345
G,345,345
G,345,345
G,345,345
G,345,345
G,345,345
G,346,346
G,346,346
G,346,346
G,346,346
G,346,346
G,346,346
G,346,346
G,347,347
G,347,347
G,347,347
G,347,347
G,347,347
G,347,347
G,347,347
G,347,347
G,347,347
G,348,348
G,348,348
G,348,348
G,348,348
G,348,348
G,348,348
G,348,348
G,348,348
G,348,348
G,349,349
G,349,349
G,349,349
G,349,349
G,349,349
G,349,349
G,349,349
G,349,349
G,350,350
G,350,350
G,350,350
G,350,350
G,350,350
G,350,350
G,350,350
G,350,350
G,350,350
G,350,350
G,350,350
G,351,351
G,351,351
G,351,351
G,351,351
G,351,351
G,351,351
G,351,351
G,351,351
G,351,351
G,352,352
G,352,352
G,352,352
G,352,352
G,352,352
G,352,352
G,352,352
G,352,352
G,352,352
G,352,352
G,353,353
G,353,353
G,353,353
G,353,353
G,353,353
G,353,353
G,353,353
G,353,353
G,353,353
G,353,353
G,353,353
G,354,354
G,354,354
G,354,354
G,354,354
G,355,355
G,355,355
G,355,355
G,355,355
G,355,355
G,355,355
G,355,355
G,355,355
G,356,356
G,356,356
G,356,356
G,356,356
G,356,356
G,356,356
G,356,356
G,356,356
G,357,357
G,357,357
G,357,357
G,357,357
G,357,357
G,357,357
G,357,357
G,358,358
G,358,358
G,358,358
G,358,358
G,358,358
G,358,358
G,358,358
G,358,358
G,359,359
G,359,359
G,359,359
G,359,359
G,359,359
G,359,359
G,359,359
G,359,359
G,360,360
G,360,360
G,360,360
G,360,360
G,360,360
G,360,360
G,360,360
G,360,360
G,360,360
G,360,360
G,360,360
G,361,361
G,361,361
G,361,361
G,361,361
G,361,361
G,361,361
G,361,361
G,361,361
G,361,361
G,361,361
G,361,361
G,362,362
G,362,362
G,362,362
G,362,362
G,362,362
G,363,363
G,363,363
G,363,363
G,363,363
G,363,363
G,363,363
G,363,363
G,363,363
G,364,364
G,364,364
G,364,364
G,364,364
G,364,364
G,364,364
G,365,365
G,365,365
G,365,365
G,365,365
G,365,365
G,365,365
G,366,366
G,366,366
G,366,366
G,366,366
G,367,367
G,367,367
G,367,367
G,367,367
G,368,368
G,368,368
G,368,368
G,368,368
G,368,368
G,368,368
G,368,368
G,368,368
G,369,369
G,369,369
G,369,369
G,369,369
G,369,369
G,369,369
G,369,369
G,369,369
G,370,370
G,370,370
G,370,370
G,370,370
G,370,370
G,370,370
G,370,370
G,370,370
G,370,370
G,371,371
G,371,371
G,371,371
G,371,371
G,371,371
G,371,371
G,371,371
G,372,372
G,372,372
G,372,372
G,372,372
G,372,372
G,372,372
G,372,372
G,373,373
G,373,373
G,373,373
G,373,373
G,373,373
G,373,373
G,373,373
G,374,374
G,374,374
G,374,374
G,374,374
G,374,374
G,374,374
G,374,374
G,374,374
G,374,374
G,374,374
G,375,375
G,375,375
G,375,375
G,375,375
G,375,375
G,375,375
G,376,376
G,376,376
G,376,376
G,376,376
G,376,376
G,376,376
G,376,376
G,376,376
G,376,376
G,376,376
G,376,376
G,377,377
G,377,377
G,377,377
G,377,377
G,377,377
G,377,377
G,377,377
G,377,377
G,378,378
G,378,378
G,378,378
G,378,378
G,378,378
G,378,378
G,379,379
G,379,379
G,379,379
G,379,379
G,380,380
G,380,380
G,380,380
G,380,380
G,381,381
G,381,381
G,381,381
G,381,381
G,381,381
G,381,381
G,381,381
G,381,381
G,381,381
G,382,382
G,382,382
G,382,382
G,382,382
G,382,382
G,382,382
G,382,382
G,382,382
G,382,382
G,382,382
G,382,382
G,383,383
G,383,383
G,383,383
G,383,383
G,383,383
G,383,383
G,383,383
G,383,383
G,383,383
G,383,383
G,383,383
G,384,384
G,384,384
G,384,384
G,384,384
G,384,384
G,384,384
G,384,384
G,384,384
G,384,384
G,384,384
G,384,384
G,384,384
G,385,385
G,385,385
G,385,385
G,385,385
G,385,385
G,385,385
G,386,386
G,386,386
G,386,386
G,386,386
G,386,386
G,386,386
G,386,386
G,386,386
G,387,387
G,387,387
G,387,387
G,387,387
G,387,387
G,387,387
G,387,387
G,388,388
G,388,388
G,388,388
G,388,388
G,388,388
G,388,388
G,389,389
G,389,389
G,389,389
G,389,389
G,390,390
G,390,390
G,390,390
G,390,390
G,390,390
G,390,390
G,390,390
G,390,390
G,391,391
G,391,391
G,391,391
G,391,391
G,391,391
G,391,391
G,391,391
G,391,391
G,391,391
G,391,391
G,391,391
G,392,392
G,392,392
G,392,392
G,392,392
G,392,392
G,392,392
G,392,392
G,392,392
G,393,393
G,393,393
G,393,393
G,393,393
G,393,393
G,393,393
G,394,394
G,394,394
G,394,394
G,394,394
G,394,394
G,394,394
G,394,394
G,395,395
G,395,395
G,395,395
G,395,395
G,395,395
G,395,395
G,395,395
G,395,395
G,395,395
G,395,395
G,395,395
G,395,395
G,395,395
G,395,395
G,396,396
G,396,396
G,396,396
G,396,396
G,396,396
G,396,396
G,396,396
G,396,396
G,397,397
G,397,397
G,397,397
G,397,397
G,397,397
G,397,397
G,398,398
G,398,398
G,398,398
G,398,398
G,398,398
G,398,398
G,398,398
G,398,398
G,411,411
G,411,411
G,411,411
G,411,411
G,411,411
G,411,411
G,411,411
G,411,411
G,412,412
G,412,412
G,412,412
G,412,412
G,412,412
G,412,412
G,412,412
G,412,412
G,413,413
G,413,413
G,413,413
G,413,413
G,413,413
G,413,413
G,414,414
G,414,414
G,414,414
G,414,414
G,414,414
G,414,414
G,414,414
G,414,414
G,415,415
G,415,415
G,415,415
G,415,415
G,415,415
G,415,415
G,415,415
G,416,416
G,416,416
G,416,416
G,416,416
G,416,416
G,416,416
G,416,416
G,416,416
G,417,417
G,417,417
G,417,417
G,417,417
G,417,417
G,417,417
G,417,417
G,418,418
G,418,418
G,418,418
G,418,418
G,418,418
G,418,418
G,419,419
G,419,419
G,419,419
G,419,419
G,419,419
G,419,419
G,419,419
G,419,419
G,419,419
G,419,419
G,419,419
G,420,420
G,420,420
G,420,420
G,420,420
G,420,420
G,420,420
G,420,420
G,420,420
G,421,421
G,421,421
G,421,421
G,421,421
G,421,421
G,421,421
G,421,421
G,421,421
G,421,421
G,422,422
G,422,422
G,422,422
G,422,422
G,422,422
G,422,422
G,422,422
G,422,422
G,422,422
G,423,423
G,423,423
G,423,423
G,423,423
G,423,423
G,423,423
G,423,423
G,423,423
G,424,424
G,424,424
G,424,424
G,424,424
G,424,424
G,424,424
G,424,424
G,424,424
G,425,425
G,425,425
G,425,425
G,425,425
G,425,425
G,425,425
G,425,425
G,425,425
G,426,426
G,426,426
G,426,426
G,426,426
G,426,426
G,426,426
G,426,426
G,426,426
G,427,427
G,427,427
G,427,427
G,427,427
G,427,427
G,427,427
G,427,427
G,427,427
G,427,427
G,427,427
G,427,427
G,427,427
G,427,427
G,427,427
G,428,428
G,428,428
G,428,428
G,428,428
G,428,428
G,428,428
G,428,428
G,428,428
G,428,428
G,429,429
G,429,429
G,429,429
G,429,429
G,429,429
G,429,429
G,429,429
G,429,429
G,429,429
G,429,429
G,429,429
G,430,430
G,430,430
G,430,430
G,430,430
G,430,430
G,430,430
G,430,430
G,430,430
G,431,431
G,431,431
G,431,431
G,431,431
G,432,432
G,432,432
G,432,432
G,432,432
G,432,432
G,432,432
G,432,432
G,432,432
G,432,432
G,433,433
G,433,433
G,433,433
G,433,433
G,433,433
G,434,434
G,434,434
G,434,434
G,434,434
G,434,434
G,434,434
G,434,434
G,434,434
G,435,435
G,435,435
G,435,435
G,435,435
G,435,435
G,435,435
G,435,435
G,435,435
G,435,435
G,435,435
G,435,435
G,435,435
G,436,436
G,436,436
G,436,436
G,436,436
G,436,436
G,437,437
G,437,437
G,437,437
G,437,437
G,437,437
G,437,437
G,437,437
G,438,438
G,438,438
G,438,438
G,438,438
G,438,438
G,438,438
G,438,438
G,439,439
G,439,439
G,439,439
G,439,439
G,439,439
G,439,439
G,439,439
G,439,439
G,440,440
G,440,440
G,440,440
G,440,440
G,440,440
G,440,440
G,440,440
G,440,440
G,440,440
G,441,441
G,441,441
G,441,441
G,441,441
G,442,442
G,442,442
G,442,442
G,442,442
G,442,442
G,442,442
G,442,442
G,443,443
G,443,443
G,443,443
G,443,443
G,443,443
G,443,443
G,443,443
G,443,443
G,444,444
G,444,444
G,444,444
G,444,444
G,444,444
G,444,444
G,444,444
G,444,444
G,444,444
G,444,444
G,444,444
G,445,445
G,445,445
G,445,445
G,445,445
G,445,445
G,445,445
G,446,446
G,446,446
G,446,446
G,446,446
G,446,446
G,446,446
G,446,446
G,447,447
G,447,447
G,447,447
G,447,447
G,447,447
G,447,447
G,448,448
G,448,448
G,448,448
G,448,448
G,448,448
G,448,448
G,448,448
G,448,448
G,449,449
G,449,449
G,449,449
G,449,449
G,449,449
G,449,449
G,449,449
G,449,449
G,450,450
G,450,450
G,450,450
G,450,450
G,450,450
G,450,450
G,450,450
G,451,451
G,451,451
G,451,451
G,451,451
G,452,452
G,452,452
G,452,452
G,452,452
G,452,452
G,452,452
G,452,452
G,452,452
G,453,453
G,453,453
G,453,453
G,453,453
G,453,453
G,453,453
G,453,453
G,453,453
G,454,454
G,454,454
G,454,454
G,454,454
G,454,454
G,454,454
G,454,454
G,454,454
G,455,455
G,455,455
G,455,455
G,455,455
G,455,455
G,455,455
G,455,455
G,456,456
G,456,456
G,456,456
G,456,456
G,456,456
G,456,456
G,456,456
G,456,456
G,456,456
G,456,456
G,456,456
G,457,457
G,457,457
G,457,457
G,457,457
G,457,457
G,457,457
G,457,457
G,457,457
G,458,458
G,458,458
G,458,458
G,458,458
G,459,459
G,459,459
G,459,459
G,459,459
G,460,460
G,460,460
G,460,460
G,460,460
G,460,460
G,460,460
G,461,461
G,461,461
G,461,461
G,461,461
G,461,461
G,461,461
G,461,461
G,462,462
G,462,462
G,462,462
G,462,462
G,462,462
G,462,462
G,462,462
G,462,462
G,463,463
G,463,463
G,463,463
G,463,463
G,463,463
G,463,463
G,464,464
G,464,464
G,464,464
G,464,464
G,464,464
G,464,464
G,464,464
G,465,465
G,465,465
G,465,465
G,465,465
G,465,465
G,465,465
G,465,465
G,466,466
G,466,466
G,466,466
G,466,466
G,466,466
G,466,466
G,466,466
G,466,466
G,466,466
G,467,467
G,467,467
G,467,467
G,467,467
G,467,467
G,467,467
G,467,467
G,468,468
G,468,468
G,468,468
G,468,468
G,468,468
G,468,468
G,468,468
G,468,468
G,468,468
G,468,468
G,468,468
G,469,469
G,469,469
G,469,469
G,469,469
G,469,469
G,469,469
G,469,469
G,469,469
G,469,469
G,469,469
G,469,469
G,470,470
G,470,470
G,470,470
G,470,470
G,470,470
G,470,470
G,470,470
G,471,471
G,471,471
G,471,471
G,471,471
G,472,472
G,472,472
G,472,472
G,472,472
G,473,473
G,473,473
G,473,473
G,473,473
G,474,474
G,474,474
G,474,474
G,474,474
G,474,474
G,474,474
G,474,474
G,474,474
G,475,475
G,475,475
G,475,475
G,475,475
G,475,475
G,475,475
G,475,475
G,475,475
G,476,476
G,476,476
G,476,476
G,476,476
G,476,476
G,476,476
G,476,476
G,476,476
G,476,476
G,476,476
G,476,476
G,477,477
G,477,477
G,477,477
G,477,477
G,477,477
G,477,477
G,477,477
G,477,477
G,478,478
G,478,478
G,478,478
G,478,478
G,478,478
G,478,478
G,478,478
G,478,478
G,479,479
G,479,479
G,479,479
G,479,479
G,479,479
G,479,479
G,479,479
G,479,479
G,479,479
G,479,479
G,479,479
G,479,479
G,479,479
G,479,479
G,480,480
G,480,480
G,480,480
G,480,480
G,480,480
G,480,480
G,480,480
G,480,480
G,480,480
G,480,480
G,480,480
G,481,481
G,481,481
G,481,481
G,481,481
G,481,481
G,481,481
G,482,482
G,482,482
G,482,482
G,482,482
G,482,482
G,482,482
G,482,482
G,482,482
G,482,482
G,483,483
G,483,483
G,483,483
G,483,483
G,483,483
G,483,483
G,483,483
G,483,483
G,484,484
G,484,484
G,484,484
G,484,484
G,484,484
G,484,484
G,484,484
G,484,484
G,484,484
G,484,484
G,484,484
G,484,484
G,485,485
G,485,485
G,485,485
G,485,485
G,485,485
G,485,485
G,485,485
G,485,485
G,485,485
G,486,486
G,486,486
G,486,486
G,486,486
G,486,486
G,486,486
G,486,486
G,486,486
G,486,486
G,486,486
G,486,486
G,486,486
G,487,487
G,487,487
G,487,487
G,487,487
G,487,487
G,487,487
G,487,487
G,487,487
G,487,487
G,488,488
G,488,488
G,488,488
G,488,488
G,488,488
G,488,488
G,488,488
G,489,489
G,489,489
G,489,489
G,489,489
G,489,489
G,489,489
G,489,489
G,490,490
G,490,490
G,490,490
G,490,490
G,490,490
G,490,490
G,490,490
G,490,490
G,490,490
G,491,491
G,491,491
G,491,491
G,491,491
G,491,491
G,491,491
G,491,491
G,491,491
G,492,492
G,492,492
G,492,492
G,492,492
G,492,492
G,492,492
G,492,492
G,492,492
G,492,492
G,493,493
G,493,493
G,493,493
G,493,493
G,493,493
G,493,493
G,493,493
G,494,494
G,494,494
G,494,494
G,494,494
G,494,494
G,494,494
G,494,494
G,494,494
G,495,495
G,495,495
G,495,495
G,495,495
G,496,496
G,496,496
G,496,496
G,496,496
G,496,496
G,496,496
G,496,496
G,497,497
G,497,497
G,497,497
G,497,497
G,497,497
G,498,498
G,498,498
G,498,498
G,498,498
G,498,498
G,498,498
G,498,498
G,499,499
G,499,499
G,499,499
G,499,499
G,499,499
G,499,499
G,499,499
G,500,500
G,500,500
G,500,500
G,500,500
G,500,500
G,500,500
G,500,500
G,500,500
G,500,500
G,500,500
G,500,500
G,501,501
G,501,501
G,501,501
G,501,501
G,501,501
G,501,501
G,502,502
G,502,502
G,502,502
G,502,502
G,502,502
G,502,502
G,502,502
G,502,502
G,502,502
G,503,503
G,503,503
G,503,503
G,503,503
G,503,503
G,503,503
G,503,503
G,503,503
G,503,503
G,503,503
G,503,503
G,504,504
G,504,504
G,504,504
G,504,504
G,504,504
G,504,504
G,504,504
G,504,504
G,504,504
G,504,504
G,504,504
G,505,505
G,505,505
G,505,505
G,505,505
G,505,505
G,505,505
G,505,505
