genome_label,abs_diffsel,positive_diffsel,negative_diffsel,max_diffsel,min_diffsel,domain,chain,chain_site,site
-16,7.423875214,0.111538857,-7.312336357,0.111538857,-1.105798186,HA1,A,-16,1
-15,7.117878115,2.666192485,-4.45168563,0.604277256,-0.848602336,HA1,A,-15,2
-14,3.625357463,1.103915205,-2.521442258,0.432733542,-0.786260906,HA1,A,-14,3
-13,3.894476149,0.208670484,-3.685805665,0.208670484,-0.672311559,HA1,A,-13,4
-12,4.363903533,1.633469159,-2.730434373,0.363957798,-1.177473836,HA1,A,-12,5
-11,0.771737211,0.266873842,-0.504863369,0.246191305,-0.485433188,HA1,A,-11,6
-10,5.186698854,1.769562861,-3.417135993,0.528277931,-0.782291978,HA1,A,-10,7
-9,1.410305492,0.794551237,-0.615754254,0.255000426,-0.262115752,HA1,A,-9,8
-8,4.370288544,0.723275494,-3.64701305,0.25170947,-0.882558241,HA1,A,-8,9
-7,7.310050637,2.075177097,-5.23487354,0.753329844,-0.916003943,HA1,A,-7,10
-6,5.785124576,2.480602938,-3.304521637,0.814499289,-0.773637141,HA1,A,-6,11
-5,3.219389644,0.996249596,-2.223140049,0.772344842,-0.528438933,HA1,A,-5,12
-4,2.56288645,1.142984843,-1.419901608,0.387105658,-0.676172994,HA1,A,-4,13
-3,6.024549031,3.363122789,-2.661426241,1.024033522,-0.80344982,HA1,A,-3,14
-2,6.580012976,0.880925783,-5.699087193,0.447218778,-1.178699453,HA1,A,-2,15
-1,1.30224858,0.212758174,-1.089490406,0.188669253,-0.725429885,HA1,A,-1,16
1,6.563570149,3.633976354,-2.929593795,0.755574692,-0.622936931,HA1,A,1,17
2,3.395773079,0.70385909,-2.691913989,0.2663776,-0.591151972,HA1,A,2,18
3,5.709753567,2.138575372,-3.571178195,0.731419821,-0.718538906,HA1,A,3,19
4,4.043344948,2.348754203,-1.694590745,1.14440736,-0.512119479,HA1,A,4,20
5,5.822996208,1.611405425,-4.211590784,0.431568503,-1.02451008,HA1,A,5,21
6,4.831917524,1.99039642,-2.841521104,1.246073464,-0.740594991,HA1,A,6,22
7,5.308654042,2.64201064,-2.666643402,0.876181068,-0.615565772,HA1,A,7,23
8,6.989582171,2.008073669,-4.981508502,0.929625703,-0.848646051,HA1,A,8,24
9,6.30537109,1.282737864,-5.022633226,0.353636839,-1.303014715,HA1,A,9,25
10,4.640071562,1.020449784,-3.619621778,0.608739399,-0.783371508,HA1,A,10,26
11,1.126829744,0.900067722,-0.226762022,0.46188768,-0.217296117,HA1,A,11,27
12,3.058484672,2.440511918,-0.617972754,1.137607065,-0.261926444,HA1,A,12,28
13,2.643693675,0.24775737,-2.395936305,0.240848271,-0.730612085,HA1,A,13,29
14,2.227517217,0.685163106,-1.542354111,0.532984817,-0.528398008,HA1,A,14,30
15,1.987798628,1.521555072,-0.466243557,0.868780413,-0.238715788,HA1,A,15,31
16,0.486112076,0.397972076,-0.08814,0.394404864,-0.033580302,HA1,A,16,32
17,1.775530172,0.70140786,-1.074122311,0.471647288,-0.590745868,HA1,A,17,33
18,2.037099584,0.527022904,-1.51007668,0.448859231,-0.678214838,HA1,A,18,34
19,4.531489604,0.509425327,-4.022064277,0.263205739,-0.996826031,HA1,A,19,35
20,1.729943117,0.073469776,-1.656473341,0.072953545,-0.646392019,HA1,A,20,36
21,5.352459406,0.950097072,-4.402362335,0.47692311,-0.676102312,HA1,A,21,37
22,4.358727631,1.789001089,-2.569726542,1.012585585,-0.600263809,HA1,A,22,38
23,2.02070411,0.152939385,-1.867764725,0.148282157,-0.701540864,HA1,A,23,39
24,6.099192777,0.378911324,-5.720281453,0.378911324,-0.997502241,HA1,A,24,40
25,4.584718006,2.174985133,-2.409732874,0.585729216,-0.802697492,HA1,A,25,41
26,1.997997383,0.835055893,-1.16294149,0.472403336,-0.375593571,HA1,A,26,42
27,4.085656295,0.107983469,-3.977672826,0.107983469,-0.99698424,HA1,A,27,43
28,3.826519029,0.996446859,-2.83007217,0.452366564,-1.013829952,HA1,A,28,44
29,1.432516334,0.214599627,-1.217916707,0.208516826,-0.26322687,HA1,A,29,45
30,3.825460963,1.590684739,-2.234776224,0.471048992,-1.223386033,HA1,A,30,46
31,2.721077091,1.081504012,-1.63957308,0.513599197,-0.414735773,HA1,A,31,47
32,3.079341842,1.096775078,-1.982566765,0.364192039,-0.477718646,HA1,A,32,48
33,5.528345665,2.221440286,-3.306905379,0.586037699,-1.287985212,HA1,A,33,49
34,2.26415007,0.467113966,-1.797036105,0.195925408,-0.558235172,HA1,A,34,50
35,3.653782132,0.459362222,-3.19441991,0.234214932,-0.911118729,HA1,A,35,51
36,2.642368272,1.083259647,-1.559108625,0.81937335,-0.262788919,HA1,A,36,52
37,2.682233377,0.927075002,-1.755158375,0.588793481,-0.525614021,HA1,A,37,53
38,4.645330998,1.017889166,-3.627441832,0.588208183,-0.846043569,HA1,A,38,54
39,2.48551204,0.0026199,-2.48289214,0.0026199,-0.660794204,HA1,A,39,55
40,3.75840204,0.614824477,-3.143577563,0.416406858,-0.660802138,HA1,A,40,56
41,3.223584475,1.339237009,-1.884347466,0.677831834,-0.617513881,HA1,A,41,57
42,2.858085516,1.043782569,-1.814302947,0.609421289,-0.753755737,HA1,A,42,58
43,0.572546342,0.445246503,-0.127299838,0.221237684,-0.127299838,HA1,A,43,59
44,4.993754792,1.205711793,-3.788042999,0.485239131,-1.05588937,HA1,A,44,60
45,6.387662906,1.818593613,-4.569069293,0.593309517,-0.867871892,HA1,A,45,61
46,3.763571013,0.530283364,-3.233287649,0.380865245,-0.485496024,HA1,A,46,62
47,5.396474921,0.792451282,-4.604023638,0.299702562,-1.104730842,HA1,A,47,63
48,5.170757364,1.688277235,-3.48248013,0.573954162,-0.765992705,HA1,A,48,64
49,3.414698581,0.389863107,-3.024835474,0.327442143,-0.830925905,HA1,A,49,65
50,5.435758719,2.196325297,-3.239433422,0.630279086,-1.218591046,HA1,A,50,66
51,1.80554815,0.517685275,-1.287862875,0.321193665,-0.728188479,HA1,A,51,67
52,0.982942779,0.058580719,-0.92436206,0.055783537,-0.350654232,HA1,A,52,68
53,3.958945264,0.614227117,-3.344718147,0.397831723,-1.248650777,HA1,A,53,69
54,5.89165608,0.290980762,-5.600675318,0.222811312,-1.401454501,HA1,A,54,70
55,1.831831721,0.930798204,-0.901033517,0.464396651,-0.422366098,HA1,A,55,71
56,2.782935952,0.100196264,-2.682739687,0.100196264,-0.653166062,HA1,A,56,72
57,4.813280317,2.194744989,-2.618535327,0.397069157,-1.000277426,HA1,A,57,73
58,1.415365506,0.011098566,-1.40426694,0.002523002,-0.263236719,HA1,A,58,74
59,1.73507759,0.616330091,-1.118747498,0.263372746,-0.289087989,HA1,A,59,75
60,1.345039908,0.446096717,-0.898943191,0.223048359,-0.743646624,HA1,A,60,76
61,1.266729853,0.679699468,-0.587030385,0.679410594,-0.582086648,HA1,A,61,77
62,2.084852979,0.941884228,-1.142968751,0.471983626,-0.311259704,HA1,A,62,78
63,3.737838598,0.672884167,-3.06495443,0.485122951,-0.890127663,HA1,A,63,79
64,1.36626901,0.620130162,-0.746138848,0.620130162,-0.487532054,HA1,A,64,80
65,1.416697097,0.679434557,-0.73726254,0.416467618,-0.262243407,HA1,A,65,81
66,1.654595762,0,-1.654595762,0,-0.678364499,HA1,A,66,82
67,3.347008232,0.970507968,-2.376500264,0.441585525,-1.077301283,HA1,A,67,83
68,1.761374632,0.581637841,-1.179736791,0.291805581,-0.447070994,HA1,A,68,84
69,2.807246574,0.493245778,-2.314000796,0.263360424,-0.927683417,HA1,A,69,85
70,1.947818022,1.055563305,-0.892254717,0.660572628,-0.413268768,HA1,A,70,86
71,1.139338934,0.510845381,-0.628493553,0.255146686,-0.342492648,HA1,A,71,87
72,1.203209372,0,-1.203209372,0,-0.730307514,HA1,A,72,88
73,2.965149851,0.342552094,-2.622597757,0.245902165,-0.660621084,HA1,A,73,89
74,0.647168162,0.002066377,-0.645101784,0.001970323,-0.263021538,HA1,A,74,90
75,3.088035828,0.745165881,-2.342869947,0.295567748,-0.764346038,HA1,A,75,91
76,1.606139107,0.961818094,-0.644321013,0.44409283,-0.239600755,HA1,A,76,92
77,1.306921223,0.263803249,-1.043117975,0.262843816,-0.626524423,HA1,A,77,93
78,3.720816415,0.060527231,-3.660289184,0.060527231,-0.520938341,HA1,A,78,94
79,3.754414507,1.045764348,-2.708650159,0.851687337,-0.845726007,HA1,A,79,95
80,6.397709996,1.113972639,-5.283737357,0.389924644,-0.800116534,HA1,A,80,96
81,3.706485002,0.829894686,-2.876590316,0.41182048,-0.685103777,HA1,A,81,97
82,4.804783358,2.007169031,-2.797614327,1.316034498,-0.799143044,HA1,A,82,98
83,2.661932105,0.619913117,-2.042018988,0.271491982,-0.659230084,HA1,A,83,99
84,1.146814227,0.40046186,-0.746352367,0.284814897,-0.485535293,HA1,A,84,100
85,2.080327097,0.244881816,-1.835445282,0.219586457,-0.598049851,HA1,A,85,101
86,2.368111787,0,-2.368111787,0,-0.773881711,HA1,A,86,102
87,2.708725211,1.173394891,-1.53533032,0.510773632,-0.749594186,HA1,A,87,103
88,2.653855714,0.331898125,-2.321957589,0.217209515,-0.963354278,HA1,A,88,104
89,2.181959434,0.003390894,-2.17856854,0.003390894,-0.586475811,HA1,A,89,105
90,2.625984285,0.023828057,-2.602156228,0.023828057,-0.857549038,HA1,A,90,106
91,3.391404827,0.877323601,-2.514081226,0.314111962,-0.527328131,HA1,A,91,107
92,4.517297765,0.901328245,-3.61596952,0.500814793,-0.53603314,HA1,A,92,108
93,4.26418063,0.688852841,-3.575327789,0.688852841,-1.478051671,HA1,A,93,109
94,8.174683147,2.981132904,-5.193550243,1.048003533,-1.107398212,HA1,A,94,110
95,3.579908485,1.061835209,-2.518073275,0.496092846,-0.838185753,HA1,A,95,111
96,4.580876134,0.799607102,-3.781269032,0.35823443,-1.132506546,HA1,A,96,112
97,1.491080441,0.741958253,-0.749122188,0.515353627,-0.259473876,HA1,A,97,113
98,1.454810665,0.402871688,-1.051938978,0.226038901,-0.263150941,HA1,A,98,114
99,1.464382239,0.021828121,-1.442554118,0.021138533,-0.263014179,HA1,A,99,115
100,3.648954033,0.485231712,-3.163722321,0.485195968,-0.678339096,HA1,A,100,116
101,3.548694348,0,-3.548694348,0,-0.740885477,HA1,A,101,117
102,1.693184215,0.474369533,-1.218814683,0.474369533,-0.575195089,HA1,A,102,118
103,7.091674133,1.335821832,-5.755852301,0.841520112,-0.919038704,HA1,A,103,119
104,1.950458708,0.007755149,-1.942703559,0.007755149,-1.038441533,HA1,A,104,120
105,1.520750045,0.361543913,-1.159206132,0.226010553,-0.26320132,HA1,A,105,121
106,2.823401563,0.156271554,-2.667130009,0.117310189,-0.703376619,HA1,A,106,122
107,2.156334083,1.019711085,-1.136622998,0.45488237,-0.427525575,HA1,A,107,123
108,1.9053813,0.017218408,-1.888162891,0.009658734,-0.898717101,HA1,A,108,124
109,2.247677074,0.549342512,-1.698334562,0.539486228,-0.662802337,HA1,A,109,125
110,3.477467795,1.589116141,-1.888351654,0.904810172,-0.485312059,HA1,A,110,126
111,1.550289808,9.50E-05,-1.55019478,9.50E-05,-0.507699442,HA1,A,111,127
112,0.986735166,0.013122769,-0.973612397,0.013122769,-0.263062178,HA1,A,112,128
113,0.899236309,0.207464283,-0.691772026,0.185039169,-0.263035726,HA1,A,113,129
114,1.283150774,0.245061271,-1.038089503,0.245061271,-0.478507888,HA1,A,114,130
115,1.999923062,0.536084626,-1.463838436,0.482932145,-0.4854794,HA1,A,115,131
116,2.418893956,0.250087174,-2.168806782,0.250087174,-1.263017148,HA1,A,116,132
117,2.652943035,1.594601732,-1.058341304,0.501161262,-0.578086542,HA1,A,117,133
118,1.832347931,0,-1.832347931,0,-0.793311725,HA1,A,118,134
119,2.213821187,0.517102998,-1.696718189,0.261615332,-0.793611614,HA1,A,119,135
120,2.030127478,0.463549072,-1.566578406,0.463549072,-0.478865299,HA1,A,120,136
121,8.86335977,4.511173816,-4.352185955,1.079713863,-0.999895732,HA1,A,121,137
122,7.900840623,1.698557393,-6.202283229,0.733703843,-1.125593655,HA1,A,122,138
123,0.730814436,0.057113684,-0.673700752,0.05691209,-0.352252467,HA1,A,123,139
124,7.987327632,1.165000909,-6.822326724,0.45779922,-0.848546154,HA1,A,124,140
125,1.575072316,0.270004634,-1.305067682,0.261465148,-0.485681098,HA1,A,125,141
126,1.638078736,0.670254963,-0.967823772,0.669762764,-0.416339445,HA1,A,126,142
127,1.321447217,0.263169126,-1.058278091,0.263169126,-0.37526495,HA1,A,127,143
128,1.923246346,0.221217591,-1.702028755,0.22045091,-0.334807886,HA1,A,128,144
129,2.244602897,1.37823729,-0.866365607,0.946600443,-0.262915008,HA1,A,129,145
130,1.539474044,0.229446958,-1.310027086,0.22591969,-0.479308581,HA1,A,130,146
131,3.345794279,0.219752845,-3.126041434,0.219741313,-0.519944632,HA1,A,131,147
132,3.302718589,1.086145328,-2.216573262,1.084821035,-0.485562446,HA1,A,132,148
133,2.789176504,0.794905566,-1.994270937,0.418617056,-0.485746659,HA1,A,133,149
134,1.437654739,1.008962519,-0.42869222,0.647145955,-0.427915541,HA1,A,134,150
135,5.721654121,1.156605036,-4.565049084,0.991854027,-2.273941958,HA1,A,135,151
136,2.314492519,0.505602145,-1.808890374,0.262867658,-0.838309653,HA1,A,136,152
137,2.260763441,0.272733311,-1.98803013,0.26212381,-0.861433013,HA1,A,137,153
138,7.854611732,0.509167364,-7.345444368,0.509167364,-1.749247584,HA1,A,138,154
139,1.206225847,0.433091695,-0.773134151,0.246541651,-0.50908153,HA1,A,139,155
140,2.765670738,1.333325044,-1.432345694,0.541059975,-0.510739519,HA1,A,140,156
141,2.845952625,0.40754017,-2.438412456,0.40749225,-0.860987981,HA1,A,141,157
142,4.340424188,1.926422873,-2.414001315,1.09736137,-0.905132479,HA1,A,142,158
143,2.85161294,0.533979641,-2.317633299,0.200447679,-0.479433098,HA1,A,143,159
144,3.586215693,0.833626207,-2.752589486,0.579869452,-0.67206495,HA1,A,144,160
145,4.308605116,1.137274073,-3.171331043,0.946612401,-0.780286914,HA1,A,145,161
146,2.082572248,0.783928592,-1.298643656,0.533741327,-0.678137021,HA1,A,146,162
147,1.625824145,0.723118179,-0.902705966,0.475857017,-0.678059913,HA1,A,147,163
148,1.669810685,0.057103559,-1.612707126,0.057103559,-0.479239919,HA1,A,148,164
149,3.283367705,0.165820131,-3.117547574,0.165820131,-0.799681062,HA1,A,149,165
150,1.454817489,0.827857252,-0.626960237,0.503894117,-0.485480861,HA1,A,150,166
151,0.658644839,0.299607846,-0.359036994,0.299607846,-0.235167042,HA1,A,151,167
152,1.064765165,0.360603359,-0.704161806,0.226287501,-0.669376317,HA1,A,152,168
153,0.949865583,0.902999433,-0.04686615,0.64942152,-0.029337146,HA1,A,153,169
154,0.475018909,0.000188191,-0.474830719,0.000188191,-0.263102069,HA1,A,154,170
155,2.427384529,0.944525372,-1.482859157,0.490293256,-0.702127964,HA1,A,155,171
156,7.15622487,0.534065297,-6.622159574,0.528454755,-1.526339916,HA1,A,156,172
157,8.254983824,3.692094702,-4.562889121,1.643358645,-0.944783704,HA1,A,157,173
158,5.633890489,2.19461956,-3.439270928,1.217447216,-1.021447248,HA1,A,158,174
159,12.89331868,10.81578823,-2.077530444,2.795088401,-0.551914977,HA1,A,159,175
160,9.903539018,7.195841777,-2.707697241,2.820193589,-0.561472508,HA1,A,160,176
161,4.086274114,0.786077994,-3.300196121,0.262180778,-0.842199442,HA1,A,161,177
162,2.964530108,0.611248193,-2.353281914,0.419249773,-0.485579709,HA1,A,162,178
163,4.376071628,2.610272522,-1.765799105,0.844877849,-0.331201686,HA1,A,163,179
164,3.885710603,0.615445233,-3.27026537,0.615445233,-0.586540858,HA1,A,164,180
165,2.881715274,2.1847787,-0.696936574,0.845545506,-0.262732436,HA1,A,165,181
166,2.695202185,0.515906148,-2.179296037,0.262125607,-0.678113167,HA1,A,166,182
167,0.847137344,0.278585583,-0.56855176,0.261910808,-0.413676608,HA1,A,167,183
168,2.495604749,0.863906741,-1.631698008,0.847790045,-0.704675776,HA1,A,168,184
169,1.968391488,0.220055683,-1.748335804,0.220055683,-0.485521381,HA1,A,169,185
170,2.571526795,1.21298489,-1.358541906,0.58733267,-0.678010942,HA1,A,170,186
171,4.322247679,1.065813076,-3.256434603,0.81559735,-0.678137781,HA1,A,171,187
172,1.386722158,0.447718454,-0.939003704,0.261648598,-0.669500121,HA1,A,172,188
173,4.238997687,1.437107337,-2.80189035,0.920090111,-0.848437388,HA1,A,173,189
174,3.591498283,1.171723121,-2.419775161,0.494285895,-0.585403851,HA1,A,174,190
175,1.149667067,0.456311061,-0.693356006,0.262976068,-0.263141918,HA1,A,175,191
176,1.900550124,0.253258004,-1.64729212,0.253258004,-0.570654099,HA1,A,176,192
177,1.506682292,0.572434813,-0.934247479,0.292486113,-0.263003151,HA1,A,177,193
178,1.380685806,0.253411684,-1.127274122,0.253335346,-0.439318275,HA1,A,178,194
179,1.609125923,0.422723389,-1.186402534,0.222008666,-0.485508744,HA1,A,179,195
180,0.920349984,0.03929876,-0.881051224,0.039175925,-0.821212644,HA1,A,180,196
181,1.770493967,1.065060193,-0.705433774,0.374249158,-0.262968219,HA1,A,181,197
182,2.916462021,0.883873371,-2.03258865,0.677927946,-0.678259176,HA1,A,182,198
183,0.985240069,0.224087739,-0.76115233,0.223950855,-0.485419532,HA1,A,183,199
184,4.472333498,0.700361515,-3.771971983,0.484916819,-0.678368859,HA1,A,184,200
185,2.592616108,0.209399139,-2.383216969,0.209399139,-0.730106287,HA1,A,185,201
186,3.215328347,0.062729165,-3.152599182,0.062729165,-0.973255097,HA1,A,186,202
187,4.29726663,0,-4.29726663,0,-0.848345289,HA1,A,187,203
188,6.297065324,2.405071151,-3.891994173,1.501647558,-1.714326939,HA1,A,188,204
189,10.52079057,0.480378735,-10.04041184,0.480378735,-1.602920595,HA1,A,189,205
190,1.79915741,0,-1.79915741,0,-0.788670606,HA1,A,190,206
191,2.614916057,0.66581326,-1.949102797,0.392927567,-1.000040892,HA1,A,191,207
192,6.358405484,4.371700069,-1.986705414,1.169123407,-0.666706565,HA1,A,192,208
193,15.37822602,14.18538967,-1.192836351,3.030903557,-1.192836351,HA1,A,193,209
194,2.519617709,1.37159581,-1.148021899,1.371077093,-0.468161172,HA1,A,194,210
195,2.121344304,1.078034779,-1.043309525,0.71253157,-0.263021208,HA1,A,195,211
196,0.689138941,0.296752442,-0.392386498,0.296102708,-0.262959825,HA1,A,196,212
197,1.301956932,0.453868326,-0.848088606,0.453511824,-0.585030461,HA1,A,197,213
198,1.137770051,0.33169284,-0.806077211,0.238059449,-0.468053735,HA1,A,198,214
199,3.925758735,0.71460387,-3.211154865,0.210468939,-0.820554407,HA1,A,199,215
200,2.551136313,1.280997722,-1.270138591,0.485822886,-0.411788234,HA1,A,200,216
201,7.16223813,1.381092573,-5.781145558,0.583827595,-1.059227175,HA1,A,201,217
202,1.310677038,0.31305875,-0.997618288,0.302695378,-0.469391164,HA1,A,202,218
203,2.348156347,0.513750638,-1.834405709,0.496426994,-0.652272455,HA1,A,203,219
204,1.995702276,1.226371397,-0.769330879,0.689977239,-0.263107275,HA1,A,204,220
205,3.424739741,0.332405058,-3.092334682,0.253050445,-1.074824247,HA1,A,205,221
206,0.909685613,0.277196586,-0.632489027,0.258996136,-0.290067009,HA1,A,206,222
207,5.257381169,2.64319653,-2.614184639,0.99949161,-0.511783369,HA1,A,207,223
208,6.187547038,1.00640005,-5.181146988,0.414919728,-1.09400813,HA1,A,208,224
209,4.760340413,0.824485322,-3.935855092,0.5804906,-0.772423215,HA1,A,209,225
210,5.40260551,4.559297521,-0.84330799,1.381949356,-0.415033953,HA1,A,210,226
211,2.410830849,1.163489252,-1.247341596,0.485614569,-0.46779372,HA1,A,211,227
212,4.209482907,2.747314935,-1.462167972,0.821736524,-0.368950884,HA1,A,212,228
213,5.131682875,0.68998496,-4.441697915,0.484532528,-1.292651255,HA1,A,213,229
214,4.757061987,1.896347081,-2.860714906,0.383520102,-0.83135251,HA1,A,214,230
215,5.498046337,0.584959826,-4.913086511,0.261998994,-0.887297184,HA1,A,215,231
216,5.743952798,1.467764386,-4.276188412,0.485573871,-0.754394987,HA1,A,216,232
217,4.917173153,0.749973979,-4.167199173,0.262324866,-1.280798618,HA1,A,217,233
218,5.389811712,3.124289897,-2.265521815,0.618083919,-0.813336211,HA1,A,218,234
219,7.193769333,2.881140004,-4.312629329,0.742599728,-1.110729744,HA1,A,219,235
220,14.30992553,1.204615328,-13.1053102,0.711441477,-2.139099928,HA1,A,220,236
221,4.576185311,0,-4.576185311,0,-1.115874508,HA1,A,221,237
222,7.279497473,4.371107035,-2.908390437,0.894668308,-0.583460354,HA1,A,222,238
223,4.43288928,1.138879591,-3.294009689,0.611532913,-0.999523765,HA1,A,223,239
224,5.65776536,0.688185058,-4.969580302,0.677987786,-0.910244882,HA1,A,224,240
225,5.022406971,3.112747054,-1.909659917,0.946739004,-0.584927329,HA1,A,225,241
226,8.375025867,0,-8.375025867,0,-1.876503409,HA1,A,226,242
227,7.608724892,4.638265665,-2.970459227,1.33170111,-1.013333049,HA1,A,227,243
228,1.513340265,0.246144254,-1.267196011,0.192137046,-0.485531225,HA1,A,228,244
229,2.439446425,1.652599962,-0.786846463,0.677946986,-0.262801298,HA1,A,229,245
230,2.872677769,0.15509104,-2.717586729,0.154992711,-0.825286794,HA1,A,230,246
231,3.858627986,1.11736673,-2.741261256,0.634415311,-1.207265332,HA1,A,231,247
232,3.864554019,0,-3.864554019,0,-1.03312981,HA1,A,232,248
233,2.540285144,1.138841452,-1.401443693,0.46878985,-0.468107244,HA1,A,233,249
234,2.0211545,0.697977006,-1.323177494,0.263729031,-0.263190322,HA1,A,234,250
235,2.221291578,0.641162635,-1.580128943,0.417125374,-0.892946779,HA1,A,235,251
236,3.370945791,1.155924754,-2.215021037,0.638835782,-0.534761681,HA1,A,236,252
237,2.068120685,1.242029494,-0.826091191,0.503183941,-0.308189261,HA1,A,237,253
238,4.358165605,0.338963495,-4.019202109,0.338963495,-0.661036505,HA1,A,238,254
239,2.664362817,0.685031436,-1.979331381,0.427176793,-0.904792655,HA1,A,239,255
240,1.847932879,0.85753622,-0.990396659,0.485836688,-0.263087904,HA1,A,240,256
241,1.518682509,0.263918148,-1.254764362,0.232517888,-0.308067054,HA1,A,241,257
242,4.796353646,1.812431007,-2.983922639,0.354475864,-0.678060197,HA1,A,242,258
243,1.918200055,0.568171797,-1.350028258,0.568049716,-0.929049071,HA1,A,243,259
244,7.370220409,4.211342161,-3.158878248,1.64938715,-1.316900988,HA1,A,244,260
245,2.601098719,0.716043781,-1.885054937,0.257249467,-0.552655922,HA1,A,245,261
246,2.713727667,0.515951112,-2.197776555,0.26288621,-0.505259024,HA1,A,246,262
247,1.997597576,0.18468594,-1.812911636,0.146122906,-0.427017267,HA1,A,247,263
248,2.553580899,0.595077891,-1.958503007,0.341843983,-0.484925123,HA1,A,248,264
249,1.305325979,0.343229572,-0.962096407,0.341661983,-0.42507015,HA1,A,249,265
250,3.128416894,0.918750635,-2.209666259,0.655928021,-0.485627475,HA1,A,250,266
251,3.380210219,0.519471646,-2.860738574,0.259738371,-1.099660565,HA1,A,251,267
252,2.589695813,0.748251504,-1.841444309,0.48481468,-0.48552049,HA1,A,252,268
253,1.402142899,0.701760161,-0.700382737,0.41248939,-0.557040594,HA1,A,253,269
254,1.104864752,0.16193007,-0.942934682,0.135223295,-0.26318153,HA1,A,254,270
255,2.364117612,0.736247526,-1.627870086,0.441002921,-0.485289075,HA1,A,255,271
256,0.420075571,5.58E-05,-0.420019782,3.55E-05,-0.192915165,HA1,A,256,272
257,2.033297053,1.36811892,-0.665178132,0.93455233,-0.655322363,HA1,A,257,273
258,2.263947608,0.337965329,-1.925982278,0.33782748,-0.4123788,HA1,A,258,274
259,3.980615338,0.785815754,-3.194799584,0.484800297,-0.507555411,HA1,A,259,275
260,3.697609774,1.78773215,-1.909877624,0.713838077,-0.8889181,HA1,A,260,276
261,3.999179212,1.362869301,-2.636309911,0.584181175,-0.363411875,HA1,A,261,277
262,6.51977444,3.085176673,-3.434597767,0.825878225,-1.36526447,HA1,A,262,278
263,2.941407595,1.015996592,-1.925411003,0.489203236,-0.458401535,HA1,A,263,279
264,3.380816819,0.262504094,-3.118312725,0.262504094,-0.595034009,HA1,A,264,280
265,1.805570116,0.009781725,-1.795788391,0.009781725,-0.665077949,HA1,A,265,281
266,1.491466332,1.143813953,-0.347652379,0.829400362,-0.209260891,HA1,A,266,282
267,1.46333796,0.728172427,-0.735165534,0.316482848,-0.563405516,HA1,A,267,283
268,1.603416248,0.620360085,-0.983056163,0.23200646,-0.485493693,HA1,A,268,284
269,4.734575305,0.593169631,-4.141405674,0.4095173,-0.86594468,HA1,A,269,285
270,1.321788033,0.56661168,-0.755176353,0.562503481,-0.375835502,HA1,A,270,286
271,1.717470349,0.309544018,-1.407926331,0.309544018,-0.44118455,HA1,A,271,287
272,2.196461494,0.80012043,-1.396341065,0.57323327,-0.453030261,HA1,A,272,288
273,2.218080332,0.659098468,-1.558981864,0.659098468,-0.264627799,HA1,A,273,289
274,1.012581374,0.538037128,-0.474544246,0.263021963,-0.253182004,HA1,A,274,290
275,3.095971272,2.232455806,-0.863515466,0.612481574,-0.302051268,HA1,A,275,291
276,2.846755871,1.191503064,-1.655252806,0.464859229,-0.478098636,HA1,A,276,292
277,1.945301551,0.349049117,-1.596252434,0.212503248,-0.888069566,HA1,A,277,293
278,3.458471869,1.352962229,-2.10550964,0.46407958,-0.485746715,HA1,A,278,294
279,4.025779199,1.453210656,-2.572568543,0.90002644,-0.482334685,HA1,A,279,295
280,4.426728583,1.771841156,-2.654887427,0.765344326,-0.629187206,HA1,A,280,296
281,1.504324892,0.267118631,-1.237206261,0.262981335,-0.732997686,HA1,A,281,297
282,2.440840336,0.223464809,-2.217375527,0.212540924,-0.735923213,HA1,A,282,298
283,1.708073331,0.35499178,-1.353081551,0.201180096,-0.675903326,HA1,A,283,299
284,0.357677053,0.275315742,-0.082361311,0.274642611,-0.036193993,HA1,A,284,300
285,2.605603496,0.74228003,-1.863323466,0.284485376,-0.63537381,HA1,A,285,301
286,0.252830891,0.113280716,-0.139550175,0.113280716,-0.138782663,HA1,A,286,302
287,1.724438588,0.404037964,-1.320400624,0.387412351,-0.792024979,HA1,A,287,303
288,1.416719053,0.242954814,-1.173764239,0.201010735,-0.311824059,HA1,A,288,304
289,3.503685011,0.075273045,-3.428411965,0.075273045,-1.095077293,HA1,A,289,305
290,3.821141529,1.210014033,-2.611127495,0.603408185,-0.485479223,HA1,A,290,306
291,4.541175537,2.585504029,-1.955671507,0.881036456,-0.485351115,HA1,A,291,307
292,3.047346165,0.647087487,-2.400258678,0.27188987,-0.453250421,HA1,A,292,308
293,1.412879407,0.515605044,-0.897274363,0.50461723,-0.439197048,HA1,A,293,309
294,2.740298467,0.839023827,-1.90127464,0.588361555,-0.478034253,HA1,A,294,310
295,0.69732165,0.421972253,-0.275349397,0.226771995,-0.262995033,HA1,A,295,311
296,3.971913418,0.691930086,-3.279983333,0.251505571,-0.980860475,HA1,A,296,312
297,2.489038855,0,-2.489038855,0,-0.63530279,HA1,A,297,313
298,2.337129604,0.27774558,-2.059384024,0.262729735,-0.984872602,HA1,A,298,314
299,7.692659219,1.696863495,-5.995795724,0.8668642,-1.045817315,HA1,A,299,315
300,2.057363008,0.48943764,-1.567925368,0.387294129,-0.457333362,HA1,A,300,316
301,1.175368635,0.600231653,-0.575136982,0.302074685,-0.30491776,HA1,A,301,317
302,3.557674075,0.454822915,-3.10285116,0.340193667,-0.942819379,HA1,A,302,318
303,2.153769508,1.02548524,-1.128284267,0.642309681,-0.629644169,HA1,A,303,319
304,7.298372449,2.351262745,-4.947109704,0.810287913,-1.10407945,HA1,A,304,320
305,1.708651761,0.70756934,-1.00108242,0.314840528,-0.432454066,HA1,A,305,321
306,2.086943519,0.273686952,-1.813256567,0.273686952,-0.688499066,HA1,A,306,322
307,6.17828897,2.507331935,-3.670957035,0.627777928,-0.932843366,HA1,A,307,323
308,2.290563572,1.127355081,-1.163208491,0.814748724,-0.453251112,HA1,A,308,324
309,2.765335906,0.165922271,-2.599413636,0.164778135,-0.984333389,HA1,A,309,325
310,5.545670946,0.480603342,-5.065067605,0.262461463,-0.975501377,HA1,A,310,326
311,5.542710631,2.652831575,-2.889879057,0.604006091,-0.886819975,HA1,A,311,327
312,6.149534963,1.501536156,-4.647998807,0.541458067,-0.860733782,HA1,A,312,328
313,3.385860485,1.266125626,-2.119734859,0.650251522,-0.597422242,HA1,A,313,329
314,2.319007367,0.504974802,-1.814032565,0.485407554,-0.847939821,HA1,A,314,330
315,2.400217788,0.263881342,-2.136336446,0.263881342,-0.562756189,HA1,A,315,331
316,3.446719944,1.581509296,-1.865210649,0.842230475,-0.517950439,HA1,A,316,332
317,1.894739676,4.02E-05,-1.894699446,2.01E-05,-0.468732492,HA1,A,317,333
318,4.179187955,1.597338664,-2.581849291,1.133574161,-0.412818002,HA1,A,318,334
319,1.598032859,1.104612787,-0.493420072,0.741199549,-0.26341285,HA1,A,319,335
320,2.063416927,0.681669015,-1.381747912,0.300641277,-0.904059174,HA1,A,320,336
321,2.155076101,0.73448084,-1.420595261,0.521865339,-0.478134661,HA1,A,321,337
322,2.675159246,0.929269219,-1.745890027,0.329080682,-0.432631092,HA1,A,322,338
323,4.59263243,0.19356269,-4.399069741,0.19356269,-0.527623756,HA1,A,323,339
324,4.930430925,0.606307834,-4.324123091,0.367743767,-0.823314952,HA1,A,324,340
325,3.383189454,0.351671254,-3.031518199,0.18552062,-0.707989377,HA1,A,325,341
326,4.670886147,1.182686456,-3.488199691,0.332348302,-0.835579904,HA1,A,326,342
327,4.378010066,1.683468261,-2.694541805,0.847866418,-0.453687691,HA1,A,327,343
328,5.302568273,1.915296542,-3.387271731,0.734726234,-0.734086961,HA1,A,328,344
329,1.215939791,0.570403309,-0.645536481,0.337783711,-0.644816379,HA1,A,329,345
(HA2)1,1.318957453,0.39010795,-0.928849503,0.389505286,-0.382039894,HA2,B,1,346
(HA2)2,4.140702593,0.68699202,-3.453710573,0.40544261,-0.635653095,HA2,B,2,347
(HA2)3,2.509126934,0.255257654,-2.253869281,0.255257654,-0.56576167,HA2,B,3,348
(HA2)4,4.47327668,1.807770416,-2.665506264,1.057958206,-0.678121805,HA2,B,4,349
(HA2)5,4.758861102,1.212517848,-3.546343254,1.010752773,-1.045210409,HA2,B,5,350
(HA2)6,1.714387617,0.596643299,-1.117744318,0.262912365,-0.477724908,HA2,B,6,351
(HA2)7,3.056614286,1.652429389,-1.404184897,0.705987007,-0.860026138,HA2,B,7,352
(HA2)8,0.602417873,0.290649243,-0.311768629,0.262918968,-0.25892931,HA2,B,8,353
(HA2)9,2.89998301,0.654655687,-2.245327324,0.485530206,-0.798833427,HA2,B,9,354
(HA2)10,3.001895664,1.367721055,-1.634174608,0.947955106,-0.453094247,HA2,B,10,355
(HA2)11,3.012677719,0.932742835,-2.079934884,0.435703993,-0.488156359,HA2,B,11,356
(HA2)12,1.405509554,0.438784742,-0.966724813,0.387778733,-0.248598017,HA2,B,12,357
(HA2)13,3.834938857,0.367307566,-3.467631291,0.262626523,-1.038172717,HA2,B,13,358
(HA2)14,3.319509659,0.127501826,-3.192007833,0.127501826,-0.987425387,HA2,B,14,359
(HA2)15,6.605274378,1.950464752,-4.654809626,0.983617454,-0.887085026,HA2,B,15,360
(HA2)16,4.278247645,0.991027187,-3.287220458,0.916743546,-0.926147194,HA2,B,16,361
(HA2)17,3.70424755,0.262729863,-3.441517687,0.262729863,-0.71092882,HA2,B,17,362
(HA2)18,6.405726648,2.438392477,-3.967334171,0.688203646,-0.798357255,HA2,B,18,363
(HA2)19,4.12172,1.499095501,-2.622624498,0.471929119,-0.486026496,HA2,B,19,364
(HA2)20,3.080938471,0.220927283,-2.860011189,0.220927283,-0.730237938,HA2,B,20,365
(HA2)21,2.572106644,0.511116377,-2.060990267,0.388827403,-0.886849623,HA2,B,21,366
(HA2)22,3.596902897,0.942752928,-2.65414997,0.93161766,-0.831483712,HA2,B,22,367
(HA2)23,1.363278076,0.257352865,-1.105925211,0.194806724,-0.333875271,HA2,B,23,368
(HA2)24,3.556695795,1.0199483,-2.536747495,0.335153901,-0.678228492,HA2,B,24,369
(HA2)25,3.153411749,0.637157507,-2.516254242,0.450174726,-0.534331255,HA2,B,25,370
(HA2)26,2.792608811,0.195524638,-2.597084173,0.083658693,-0.710568118,HA2,B,26,371
(HA2)27,5.338934584,1.203505626,-4.135428958,0.386678749,-1.044021261,HA2,B,27,372
(HA2)28,3.540050967,1.375197433,-2.164853534,0.677831586,-0.485482755,HA2,B,28,373
(HA2)29,5.618747444,1.286371946,-4.332375498,0.436164009,-0.807329691,HA2,B,29,374
(HA2)30,3.254023773,1.468133032,-1.785890741,0.766115167,-0.427238678,HA2,B,30,375
(HA2)31,1.84920444,0.000132789,-1.849071652,6.64E-05,-0.639017479,HA2,B,31,376
(HA2)32,4.678985547,1.412046486,-3.266939061,0.667752678,-0.719311131,HA2,B,32,377
(HA2)33,0.940455082,0.126228508,-0.814226574,0.111447456,-0.258709164,HA2,B,33,378
(HA2)34,4.637994628,1.813775148,-2.824219479,0.604252591,-0.763395595,HA2,B,34,379
(HA2)35,3.786544452,0.343870292,-3.44267416,0.213722508,-0.81499835,HA2,B,35,380
(HA2)36,3.142726457,0.034435539,-3.108290918,0.034435539,-0.551663824,HA2,B,36,381
(HA2)37,2.66821465,1.300255023,-1.367959627,1.116850544,-0.291511332,HA2,B,37,382
(HA2)38,4.970642931,1.519708238,-3.450934694,0.747043148,-0.760464975,HA2,B,38,383
(HA2)39,7.285924468,1.834598496,-5.451325972,0.531130204,-1.191675301,HA2,B,39,384
(HA2)40,3.446214417,0.699888631,-2.746325786,0.262835318,-0.570425901,HA2,B,40,385
(HA2)41,2.725208607,0,-2.725208607,0,-0.654800842,HA2,B,41,386
(HA2)42,4.043248845,0.721223537,-3.322025308,0.488093529,-0.808683679,HA2,B,42,387
(HA2)43,6.05397468,3.399031876,-2.654942804,0.834615181,-0.644240492,HA2,B,43,388
(HA2)44,1.624416171,1.35E-05,-1.62440271,2.69E-06,-0.713541277,HA2,B,44,389
(HA2)45,4.739293498,0.826695919,-3.912597579,0.501519304,-0.964052664,HA2,B,45,390
(HA2)46,5.792360238,0.976246754,-4.816113484,0.415787628,-0.854541987,HA2,B,46,391
(HA2)47,4.24779622,2.056469132,-2.191327088,0.598952804,-0.557579053,HA2,B,47,392
(HA2)48,1.538119767,0.872013984,-0.666105783,0.353467236,-0.253073644,HA2,B,48,393
(HA2)49,3.267866008,0.520066802,-2.747799207,0.326994528,-0.646107386,HA2,B,49,394
(HA2)50,4.285044718,1.403295905,-2.881748813,0.427146886,-0.820679762,HA2,B,50,395
(HA2)51,2.52392541,0.170282409,-2.353643001,0.165489589,-0.688755652,HA2,B,51,396
(HA2)52,1.99702698,0.291604362,-1.705422618,0.263324827,-0.483453847,HA2,B,52,397
(HA2)53,4.805036398,0.939025521,-3.866010877,0.726627422,-0.809948876,HA2,B,53,398
(HA2)54,4.135607778,0.478104301,-3.657503477,0.224457486,-0.927170249,HA2,B,54,399
(HA2)55,3.757143179,1.129920207,-2.627222972,0.485272759,-0.538147583,HA2,B,55,400
(HA2)56,7.581875076,1.032509795,-6.549365281,0.732149865,-0.944606286,HA2,B,56,401
(HA2)57,6.666566743,2.03132086,-4.635245882,0.629167483,-0.81441797,HA2,B,57,402
(HA2)58,3.552283326,0.480473366,-3.07180996,0.236839515,-0.734534086,HA2,B,58,403
(HA2)59,3.047627387,1.085444163,-1.962183224,0.534537859,-0.646498033,HA2,B,59,404
(HA2)60,4.525242273,0.623767154,-3.901475119,0.485431697,-1.061750224,HA2,B,60,405
(HA2)61,7.485751244,1.977010973,-5.50874027,0.711251817,-1.013579717,HA2,B,61,406
(HA2)62,4.041700344,0.402535428,-3.639164916,0.197719989,-1.219563468,HA2,B,62,407
(HA2)63,3.045997619,1.449419999,-1.59657762,0.677687378,-0.700815269,HA2,B,63,408
(HA2)64,2.651422,0.690093129,-1.961328871,0.48523941,-0.650733786,HA2,B,64,409
(HA2)65,3.872638154,0.901759189,-2.970878965,0.26272997,-0.880757117,HA2,B,65,410
(HA2)66,1.918032496,0.688985856,-1.22904664,0.387317193,-0.252597122,HA2,B,66,411
(HA2)67,1.70362406,0.157769309,-1.545854751,0.130237817,-0.84764257,HA2,B,67,412
(HA2)68,2.613648702,1.235358678,-1.378290024,0.485619479,-0.405374205,HA2,B,68,413
(HA2)69,4.674447862,2.702696119,-1.971751742,0.714241636,-0.847050149,HA2,B,69,414
(HA2)70,4.117521814,0.961378381,-3.156143432,0.677822419,-0.460969756,HA2,B,70,415
(HA2)71,4.834237236,2.883444882,-1.950792354,0.746616333,-0.460763273,HA2,B,71,416
(HA2)72,2.948839635,0.722233492,-2.226606143,0.425120285,-0.546520752,HA2,B,72,417
(HA2)73,6.02366517,2.1220562,-3.90160897,0.66956659,-0.834795982,HA2,B,73,418
(HA2)74,1.366052701,0.000744484,-1.365308217,0.000248161,-0.608697056,HA2,B,74,419
(HA2)75,2.367798197,0.454593472,-1.913204724,0.236916132,-0.589308645,HA2,B,75,420
(HA2)76,1.999192824,0.751984079,-1.247208746,0.306197501,-0.334475727,HA2,B,76,421
(HA2)77,2.587385152,1.385416693,-1.20196846,0.663375515,-0.46939621,HA2,B,77,422
(HA2)78,3.402163248,0.665982,-2.736181248,0.254694186,-0.654325113,HA2,B,78,423
(HA2)79,3.483584419,0.536788085,-2.946796334,0.485351655,-0.654795083,HA2,B,79,424
(HA2)80,2.335593304,0.317775912,-2.017817393,0.317629148,-0.391587131,HA2,B,80,425
(HA2)81,3.652431397,0.04523058,-3.607200817,0.030763819,-1.219315728,HA2,B,81,426
(HA2)82,3.038701547,0.726337107,-2.31236444,0.306782967,-0.54148882,HA2,B,82,427
(HA2)83,1.36195392,0.425494669,-0.936459251,0.232522541,-0.252904286,HA2,B,83,428
(HA2)84,3.836248517,0.312102344,-3.524146173,0.28823321,-0.949422361,HA2,B,84,429
(HA2)85,2.531400022,0.402451787,-2.128948234,0.26287867,-0.557946347,HA2,B,85,430
(HA2)86,3.133043216,0.455335813,-2.677707403,0.262565432,-0.847375611,HA2,B,86,431
(HA2)87,3.45977089,0.501103843,-2.958667047,0.455377361,-0.464879319,HA2,B,87,432
(HA2)88,3.748233415,0.884592088,-2.863641327,0.265417999,-0.461288551,HA2,B,88,433
(HA2)89,4.115363027,1.764084581,-2.351278446,1.486684835,-0.645625638,HA2,B,89,434
(HA2)90,2.401381509,0.541691359,-1.859690151,0.262789515,-0.588225426,HA2,B,90,435
(HA2)91,2.601728428,1.118568243,-1.483160185,0.42944193,-0.533380929,HA2,B,91,436
(HA2)92,4.198202641,0.663117201,-3.53508544,0.53568891,-0.657188432,HA2,B,92,437
(HA2)93,0.94640897,0,-0.94640897,0,-0.48940278,HA2,B,93,438
(HA2)94,2.758238195,0.737001493,-2.021236702,0.511153743,-0.647694217,HA2,B,94,439
(HA2)95,2.658602645,0.622328362,-2.036274282,0.440998996,-0.653399679,HA2,B,95,440
(HA2)96,2.154930865,0.487969214,-1.666961651,0.236723981,-0.464423015,HA2,B,96,441
(HA2)97,3.588206662,0.262773375,-3.325433287,0.262773375,-0.814875756,HA2,B,97,442
(HA2)98,4.847627903,1.213440343,-3.634187559,0.582104146,-1.086477485,HA2,B,98,443
(HA2)99,4.195759386,1.299391964,-2.896367421,0.678140279,-0.833374961,HA2,B,99,444
(HA2)100,4.269115054,2.087512854,-2.1816022,1.117749159,-0.962458286,HA2,B,100,445
(HA2)101,4.86371478,0.631855132,-4.231859648,0.240843237,-0.83385553,HA2,B,101,446
(HA2)102,4.341200591,0.859478463,-3.481722128,0.596598406,-1.191649433,HA2,B,102,447
(HA2)103,2.006263449,0.852448174,-1.153815275,0.485155634,-0.6496947,HA2,B,103,448
(HA2)104,1.495727213,1.05677888,-0.438948333,0.585648829,-0.248551669,HA2,B,104,449
(HA2)105,2.214239507,0.262250942,-1.951988566,0.229865865,-0.480567838,HA2,B,105,450
(HA2)106,4.023689121,0.930256541,-3.09343258,0.67160788,-0.69425324,HA2,B,106,451
(HA2)107,2.92129385,0.385051657,-2.536242193,0.319237885,-0.654432136,HA2,B,107,452
(HA2)108,1.342023021,0.477214981,-0.864808039,0.262681685,-0.251546478,HA2,B,108,453
(HA2)109,2.574886624,1.035986951,-1.538899673,0.425973141,-0.463750541,HA2,B,109,454
(HA2)110,6.252851516,3.281409884,-2.971441632,1.000465313,-1.004660386,HA2,B,110,455
(HA2)111,2.488739121,0.429920461,-2.05881866,0.429360271,-0.693240704,HA2,B,111,456
(HA2)112,2.861835866,0.943591623,-1.918244243,0.731396804,-0.727548356,HA2,B,112,457
(HA2)113,5.077127514,2.438157582,-2.638969932,0.83377939,-0.618068144,HA2,B,113,458
(HA2)114,1.940033408,0.780752101,-1.159281307,0.262964906,-0.349764825,HA2,B,114,459
(HA2)115,1.275179219,0.297408122,-0.977771096,0.246712082,-0.404645817,HA2,B,115,460
(HA2)116,3.391116416,0.675913941,-2.715202474,0.262833148,-0.577564832,HA2,B,116,461
(HA2)117,4.685033897,2.43655476,-2.248479137,0.670438074,-1.175019817,HA2,B,117,462
(HA2)118,0.401236428,0.235270373,-0.165966055,0.184932896,-0.165966055,HA2,B,118,463
(HA2)119,2.150420359,0.827372433,-1.323047925,0.485243679,-0.378477328,HA2,B,119,464
(HA2)120,6.218483224,1.587573567,-4.630909657,0.611251961,-0.84636279,HA2,B,120,465
(HA2)121,5.571752751,0.764746775,-4.807005977,0.372937121,-1.069426956,HA2,B,121,466
(HA2)122,2.615652572,0.709234872,-1.9064177,0.429214977,-0.540275819,HA2,B,122,467
(HA2)123,1.609633533,0.342206492,-1.267427041,0.221063082,-0.464437858,HA2,B,123,468
(HA2)124,3.763176947,1.388474365,-2.374702582,0.383950254,-0.467372902,HA2,B,124,469
(HA2)125,3.066378647,0.276073755,-2.790304891,0.263215838,-0.646395037,HA2,B,125,470
(HA2)126,1.749953377,9.07E-05,-1.749862713,9.07E-05,-0.856936431,HA2,B,126,471
(HA2)127,2.025216498,1.366785842,-0.658430655,0.44857704,-0.450854676,HA2,B,127,472
(HA2)128,4.52654388,0.262515417,-4.264028462,0.262515417,-0.687768378,HA2,B,128,473
(HA2)129,2.631596192,0.738913113,-1.892683079,0.263125583,-0.552113706,HA2,B,129,474
(HA2)130,2.414212875,0.427439622,-1.986773253,0.244328434,-0.999183778,HA2,B,130,475
(HA2)131,5.254099767,2.777497528,-2.476602239,0.85809131,-0.737466832,HA2,B,131,476
(HA2)132,3.606949934,1.591282328,-2.015667606,0.808008884,-0.667161191,HA2,B,132,477
(HA2)133,2.470809223,0.452834455,-2.017974767,0.305051871,-0.365063445,HA2,B,133,478
(HA2)134,1.970363611,0.271001221,-1.69936239,0.265690011,-0.711612451,HA2,B,134,479
(HA2)135,3.173029802,0.178381293,-2.99464851,0.1044896,-0.754547519,HA2,B,135,480
(HA2)136,2.534861176,1.019656941,-1.515204234,0.316949366,-0.539930548,HA2,B,136,481
(HA2)137,3.945383146,0.738133242,-3.207249903,0.452628037,-1.032975338,HA2,B,137,482
(HA2)138,6.021915186,1.216187249,-4.805727937,0.714127286,-0.998993967,HA2,B,138,483
(HA2)139,3.513327325,0.206305167,-3.307022158,0.16581633,-0.828568007,HA2,B,139,484
(HA2)140,4.791857742,0.995174014,-3.796683728,0.535524026,-1.096858467,HA2,B,140,485
(HA2)141,3.522958426,2.100106006,-1.42285242,0.583970779,-0.430749696,HA2,B,141,486
(HA2)142,7.093565378,1.505436905,-5.588128473,0.66303582,-1.237012704,HA2,B,142,487
(HA2)143,3.906763622,1.80776891,-2.098994712,0.5641713,-0.485077076,HA2,B,143,488
(HA2)144,3.34595151,1.296311728,-2.049639782,0.618914819,-0.426441112,HA2,B,144,489
(HA2)145,1.86468196,0.206073796,-1.658608164,0.093825122,-0.603865458,HA2,B,145,490
(HA2)146,3.831529269,0.676816257,-3.154713013,0.319739346,-0.754667673,HA2,B,146,491
(HA2)147,6.046562263,1.492889773,-4.553672489,0.554200837,-0.999553345,HA2,B,147,492
(HA2)148,3.62611727,0.333670406,-3.292446864,0.168745949,-0.932416074,HA2,B,148,493
(HA2)149,1.801101646,0.788306084,-1.012795562,0.359211426,-0.262381466,HA2,B,149,494
(HA2)150,4.908298501,1.864512537,-3.043785964,0.53469623,-0.569792183,HA2,B,150,495
(HA2)151,3.420788411,0.69289695,-2.72789146,0.466843501,-0.514296087,HA2,B,151,496
(HA2)152,3.707638881,0.689734163,-3.017904719,0.403385502,-0.617441788,HA2,B,152,497
(HA2)153,3.257824451,1.62298197,-1.63484248,0.717817511,-0.396302094,HA2,B,153,498
(HA2)154,3.722665249,0.247625997,-3.475039252,0.183722512,-1.137182592,HA2,B,154,499
(HA2)155,3.758380617,0.714202158,-3.044178459,0.414669795,-0.982512141,HA2,B,155,500
(HA2)156,3.417247436,0.003095101,-3.414152335,0.002916227,-1.022778217,HA2,B,156,501
(HA2)157,2.27590303,0.131791055,-2.144111974,0.125523434,-0.801433657,HA2,B,157,502
(HA2)158,3.865013685,1.209662767,-2.655350918,0.656403276,-0.777335356,HA2,B,158,503
(HA2)159,4.533876619,1.29414844,-3.239728179,0.770712943,-1.054271614,HA2,B,159,504
(HA2)160,5.623700923,1.928249493,-3.69545143,0.584756311,-0.781751027,HA2,B,160,505
(HA2)161,3.845429508,0.840598434,-3.004831075,0.477058185,-1.083685628,HA2,B,161,506
(HA2)162,3.079685024,0.58059538,-2.499089644,0.485052798,-0.801441109,HA2,B,162,507
(HA2)163,4.233843119,0.786331039,-3.44751208,0.368786394,-1.123419016,HA2,B,163,508
(HA2)164,5.784426655,1.422618397,-4.361808258,0.495218364,-1.081823381,HA2,B,164,509
(HA2)165,5.34142991,1.344604356,-3.996825554,0.581336021,-1.268267404,HA2,B,165,510
(HA2)166,2.397420639,1.240576093,-1.156844545,0.835693129,-0.839499653,HA2,B,166,511
(HA2)167,3.995086439,1.685785281,-2.309301159,0.886798119,-0.680189352,HA2,B,167,512
(HA2)168,7.51888026,0.744976242,-6.773904017,0.477349144,-1.15391709,HA2,B,168,513
(HA2)169,5.197258264,0.781753582,-4.415504681,0.418692134,-1.271559587,HA2,B,169,514
(HA2)170,3.669808086,2.089523731,-1.580284355,1.377983468,-0.894707099,HA2,B,170,515
(HA2)171,3.726819236,1.610832746,-2.11598649,0.724941851,-0.63190136,HA2,B,171,516
(HA2)172,4.778700957,1.867931298,-2.91076966,0.320817209,-0.991313503,HA2,B,172,517
(HA2)173,4.281228085,0.702313566,-3.578914519,0.262426001,-0.801153388,HA2,B,173,518
(HA2)174,2.527245554,0.878601327,-1.648644228,0.262873017,-0.674085451,HA2,B,174,519
(HA2)175,0.341967413,0.055724178,-0.286243235,0.055143039,-0.147512452,HA2,B,175,520
(HA2)176,2.667775283,0.239622989,-2.428152293,0.223002241,-0.949548996,HA2,B,176,521
(HA2)177,3.805368489,0.26218356,-3.543184929,0.26218356,-0.874572874,HA2,B,177,522
(HA2)178,4.727018404,1.680986895,-3.046031508,0.67473063,-0.894354582,HA2,B,178,523
(HA2)179,5.43308376,1.038459493,-4.394624267,0.288422366,-1.133993913,HA2,B,179,524
(HA2)180,6.99601345,2.088591447,-4.907422003,0.806466252,-0.798792,HA2,B,180,525
(HA2)181,3.092778673,1.059804363,-2.03297431,0.326385442,-0.455213502,HA2,B,181,526
(HA2)182,8.440794886,0.858527413,-7.582267473,0.377999343,-1.078605698,HA2,B,182,527
(HA2)183,5.491941531,0.414496666,-5.077444865,0.414460898,-0.761997011,HA2,B,183,528
(HA2)184,4.149255348,2.596398039,-1.552857309,0.719059203,-0.51807629,HA2,B,184,529
(HA2)185,3.656412436,0.945849813,-2.710562623,0.262665838,-0.635153975,HA2,B,185,530
(HA2)186,4.607628017,0.748750883,-3.858877134,0.259605247,-0.772790638,HA2,B,186,531
(HA2)187,4.214645507,0.71886802,-3.495777487,0.260564507,-1.017732773,HA2,B,187,532
(HA2)188,0.71356987,0.713495475,-7.44E-05,0.676791976,-2.31E-05,HA2,B,188,533
(HA2)189,1.632962936,0.247807338,-1.385155598,0.247807338,-0.485683669,HA2,B,189,534
(HA2)190,0.987337527,0.143323377,-0.84401415,0.143323377,-0.397974388,HA2,B,190,535
(HA2)191,4.79381242,1.644727402,-3.149085018,1.637951097,-1.205798561,HA2,B,191,536
(HA2)192,1.174836204,0.119266052,-1.055570152,0.116521989,-0.636553214,HA2,B,192,537
(HA2)193,2.097669063,0.573556741,-1.524112323,0.484846482,-0.743270357,HA2,B,193,538
(HA2)194,1.091455087,0.660561935,-0.430893152,0.625147539,-0.424501903,HA2,B,194,539
(HA2)195,3.953285527,0.637812012,-3.315473515,0.436991125,-0.834302671,HA2,B,195,540
(HA2)196,6.650148242,2.676321084,-3.973827159,0.834613966,-0.996011673,HA2,B,196,541
(HA2)197,3.080512776,0.757770001,-2.322742775,0.250800609,-0.47919195,HA2,B,197,542
(HA2)198,4.025366659,1.527466946,-2.497899714,0.446061712,-0.832484602,HA2,B,198,543
(HA2)199,6.768319815,1.967274924,-4.801044891,1.031737235,-0.850453478,HA2,B,199,544
(HA2)200,7.147247685,1.167753884,-5.979493801,0.676284859,-0.989122055,HA2,B,200,545
(HA2)201,4.883729423,0.614111923,-4.2696175,0.262059765,-0.651264049,HA2,B,201,546
(HA2)202,4.222242949,0.996137199,-3.226105751,0.484708662,-0.598876384,HA2,B,202,547
(HA2)203,4.037933778,0.485237536,-3.552696241,0.358725618,-0.596786831,HA2,B,203,548
(HA2)204,5.650833491,1.529806291,-4.1210272,0.484859562,-0.638691173,HA2,B,204,549
(HA2)205,4.214657119,0.201432405,-4.013224714,0.167548982,-1.048761229,HA2,B,205,550
(HA2)206,5.421980942,0.518419828,-4.903561113,0.484528465,-0.824277914,HA2,B,206,551
(HA2)207,8.399351456,0.643001754,-7.756349703,0.589889761,-0.818287404,HA2,B,207,552
(HA2)208,5.750020082,1.076750615,-4.673269467,0.484169759,-0.963559271,HA2,B,208,553
(HA2)209,3.706390575,1.913608158,-1.792782417,1.300048186,-0.454075251,HA2,B,209,554
(HA2)210,2.724768254,0.000101044,-2.72466721,0.000101044,-0.801012758,HA2,B,210,555
(HA2)211,3.84257782,1.427650842,-2.414926978,0.730203746,-0.736667809,HA2,B,211,556
(HA2)212,5.406114926,2.707145842,-2.698969084,0.90699781,-0.636177757,HA2,B,212,557
(HA2)213,1.071385534,0.679845549,-0.391539984,0.370783969,-0.228472766,HA2,B,213,558
(HA2)214,3.034854709,0.321147964,-2.713706745,0.320586146,-0.639041757,HA2,B,214,559
(HA2)215,1.872344944,0,-1.872344944,0,-0.553901783,HA2,B,215,560
(HA2)216,3.276805643,0.350098954,-2.926706689,0.191136261,-0.920006967,HA2,B,216,561
(HA2)217,1.702736091,0.242828692,-1.459907399,0.240982268,-0.374055719,HA2,B,217,562
(HA2)218,3.604138332,1.059491489,-2.544646843,0.455140964,-0.547330195,HA2,B,218,563
(HA2)219,3.276464514,2.229750588,-1.046713926,0.998777676,-0.677978825,HA2,B,219,564
(HA2)220,2.610808185,0.402121589,-2.208686596,0.402121589,-0.937144012,HA2,B,220,565
(HA2)221,3.784711574,0.485352169,-3.299359405,0.485140873,-0.678136131,HA2,B,221,566