site,abs_diffsel,positive_diffsel,negative_diffsel
1,3.549169773,0.53305638,-3.016113393
2,3.533694829,1.439010802,-2.094684027
3,3.244136414,0.908961426,-2.335174987
4,2.092767231,0.907365747,-1.185401484
5,2.638671537,1.951669944,-0.687001593
6,2.081763755,0.392193269,-1.689570486
7,2.792396758,0.090285688,-2.70211107
8,3.018602855,1.682879122,-1.335723733
9,1.874144852,0.61887888,-1.255265972
10,2.701734878,1.090668571,-1.611066307
11,1.965007974,0.595398472,-1.369609502
12,3.570999093,1.917034899,-1.653964195
13,4.715304182,2.586672142,-2.12863204
14,2.618927572,1.170346364,-1.448581208
15,4.89887406,1.41988599,-3.47898807
16,4.188204628,1.66932723,-2.518877398
17,4.329034927,2.016646665,-2.312388262
18,6.128893055,2.790152082,-3.338740973
19,2.146424207,0.64371993,-1.502704277
20,5.443179818,0.888525115,-4.554654704
21,1.363220379,0.215733254,-1.147487126
22,1.848793988,0.185381188,-1.6634128
23,2.156693573,1.409996344,-0.746697229
24,1.706349109,0.715842662,-0.990506447
25,2.613826855,1.075053091,-1.538773763
26,1.850940032,0.276364036,-1.574575996
27,2.052300419,0.536771628,-1.515528791
28,1.233447589,0.323954899,-0.909492691
29,2.949060029,1.808286557,-1.140773472
30,4.00613486,1.484222484,-2.521912377
31,4.438977297,1.385858762,-3.053118535
32,4.384878619,2.130006889,-2.25487173
33,6.18551871,1.357788022,-4.827730688
34,5.447166719,0.79021183,-4.656954889
35,4.079029936,0.09762537,-3.981404566
36,2.492008602,0.851251055,-1.640757547
37,1.8211329,0.183467713,-1.637665187
38,3.512245886,0.989557247,-2.522688639
39,5.178990122,0.96979566,-4.209194462
40,2.555819164,0.966650792,-1.589168373
41,4.18153386,2.042321018,-2.139212843
42,3.399794121,1.38980339,-2.009990732
43,4.338457858,2.500182115,-1.838275743
44,3.432079916,1.745266956,-1.68681296
45,3.162177665,1.795379529,-1.366798136
46,6.097917758,1.864868807,-4.233048952
47,3.347025757,0.90256452,-2.444461237
48,1.99841747,0.157171349,-1.841246121
49,4.027295073,1.087769638,-2.939525435
50,3.738596194,0.558297841,-3.180298353
51,4.831366489,2.673795499,-2.15757099
52,1.5377226,0.737311981,-0.800410619
53,3.553484846,1.87634027,-1.677144576
54,2.389780101,2.070683218,-0.319096883
55,3.359551505,0.617516921,-2.742034584
56,2.720646196,1.203323164,-1.517323032
57,2.576239128,1.212935918,-1.363303211
58,2.007330878,1.046188425,-0.961142452
59,4.407347432,3.11699724,-1.290350192
60,4.578360841,2.74213726,-1.836223581
61,2.976388874,0.977406403,-1.99898247
62,2.783513353,1.964489276,-0.819024077
63,3.730062645,0.804463214,-2.925599431
64,3.349793821,0.286490322,-3.063303499
65,2.216178597,0.704964258,-1.511214339
66,2.867129153,0.788358269,-2.078770884
67,3.685434974,2.028773372,-1.656661602
68,5.584714785,1.606118268,-3.978596516
69,2.74078078,1.427384901,-1.313395879
70,3.750974951,2.570194082,-1.180780869
71,2.717770809,1.122571158,-1.595199651
72,4.496491551,2.627842916,-1.868648635
73,3.695323254,1.416769658,-2.278553596
74,2.652167089,0.477680625,-2.174486464
75,4.590564684,0.46162125,-4.128943434
76,3.936359061,2.393273743,-1.543085318
77,3.621047163,0.972776235,-2.648270927
78,4.211334644,1.6587896,-2.552545043
79,4.207776365,1.909580488,-2.298195877
80,3.731536876,1.065986134,-2.665550742
81,2.114439862,1.408144908,-0.706294954
82,4.463155999,1.443192912,-3.019963086
83,2.183165692,0.794864969,-1.388300723
84,3.235864499,0.591654246,-2.644210253
85,2.032201303,0.582458586,-1.449742717
86,5.383237035,1.229677005,-4.153560031
87,4.790577959,2.896608293,-1.893969666
88,4.482527806,2.166208081,-2.316319726
89,3.452507328,1.082314449,-2.370192879
90,3.951782191,1.488456295,-2.463325897
91,2.217347902,0.921504412,-1.29584349
92,2.858459553,1.092343052,-1.766116501
93,3.491571041,1.996352823,-1.495218218
94,2.514337268,0.609446291,-1.904890977
95,2.888959073,2.034162088,-0.854796984
96,2.700579806,1.261268794,-1.439311012
97,2.467519584,0.089357122,-2.378162462
98,3.143903509,1.995894587,-1.148008921
99,3.654042953,1.535594418,-2.118448535
100,2.110343939,0.824717318,-1.285626621
101,5.022834933,2.466443488,-2.556391446
102,5.519282288,0.567134103,-4.952148185
103,1.801036303,0.456391069,-1.344645234
104,5.122540451,2.552444943,-2.570095508
105,2.642809887,0.785681442,-1.857128445
106,3.398043448,2.764947679,-0.633095769
107,2.263181367,0.914377592,-1.348803776
108,2.090057945,0.42756402,-1.662493925
109,3.077698641,1.485685447,-1.592013194
110,5.525641116,1.308798757,-4.216842359
111,4.081593343,1.588244953,-2.49334839
112,6.110919754,1.579640481,-4.531279273
113,5.696893638,3.603228445,-2.093665193
114,3.715006776,1.370160339,-2.344846436
115,3.666782922,2.268714038,-1.398068884
116,4.099147683,0.996078049,-3.103069634
117,3.402495881,2.306727194,-1.095768687
118,4.386153737,2.934429522,-1.451724215
119,2.663551051,1.24870834,-1.414842711
120,2.223675114,1.070517018,-1.153158097
121,3.693444362,1.572291688,-2.121152673
122,3.165483268,0.904174397,-2.261308871
123,3.448695811,0.914014887,-2.534680925
124,2.477550635,0.585867337,-1.891683298
125,3.571674292,0.718536755,-2.853137537
126,4.617570338,1.788904492,-2.828665845
127,5.828975774,3.25351811,-2.575457664
128,3.248596766,2.10341873,-1.145178035
129,5.312111307,1.240434376,-4.071676931
130,4.153988211,1.417311598,-2.736676613
131,3.588953693,1.225311829,-2.363641864
132,4.647550532,1.121359871,-3.526190661
133,3.837338405,2.776047213,-1.061291192
134,3.342456556,2.037013337,-1.305443219
135,2.83713906,0.952028876,-1.885110184
136,2.110561434,0.483840457,-1.626720977
137,1.288913129,0.580016362,-0.708896767
138,2.96820409,1.498333318,-1.469870771
139,3.544954574,0.555679805,-2.989274769
140,3.138805127,2.197479546,-0.941325581
141,1.728630964,0.389466082,-1.339164881
142,4.08375746,1.421036948,-2.662720512
143,3.665962245,3.095142317,-0.570819928
144,3.85591036,0.771444251,-3.08446611
145,1.40297362,0.384064867,-1.018908753
146,3.010888725,0.749554891,-2.261333834
147,6.08206138,3.029791924,-3.052269456
148,5.582455906,1.208793879,-4.373662028
149,3.844541119,0.91364781,-2.930893309
150,4.116130098,1.465250369,-2.650879729
151,4.32135525,1.440780671,-2.880574578
152,3.504581667,2.081005658,-1.423576009
153,4.041274452,2.306247969,-1.735026482
154,2.468890232,1.065479224,-1.403411008
155,5.174413599,1.002676193,-4.171737406
156,4.26701033,2.365787855,-1.901222475
157,3.829829013,2.381585245,-1.448243768
158,3.908303344,1.690236667,-2.218066677
159,2.755138197,1.394139942,-1.360998256
160,2.02196256,0.687586624,-1.334375936
161,2.945928122,1.206180573,-1.739747549
162,1.393605866,0.37618815,-1.017417716
163,2.866905846,1.3513647,-1.515541146
164,2.138727218,1.169086114,-0.969641104
165,5.069801915,1.841014801,-3.228787114
166,3.224750666,2.071041032,-1.153709634
167,3.803926579,1.748250415,-2.055676164
168,5.596581747,1.572383599,-4.024198148
169,4.646101347,1.581962247,-3.0641391
170,4.35012719,0.646903965,-3.703223224
171,3.934605962,0.581211852,-3.35339411
172,3.917111885,1.347708041,-2.569403844
173,2.26294177,1.127265609,-1.135676162
174,6.505212108,1.424978431,-5.080233677
175,5.276900629,2.737794199,-2.53910643
176,3.011939437,0.808087921,-2.203851516
177,5.988310719,3.260470469,-2.727840251
178,3.844591236,0.397884835,-3.446706401
179,3.031738999,1.236626695,-1.795112304
180,5.379832482,0.379911642,-4.99992084
181,2.687866484,0.828480162,-1.859386322
182,4.885204634,0.731521132,-4.153683502
183,4.292791356,0.825502683,-3.467288672
184,3.232619002,0.643577098,-2.589041904
185,4.498064157,3.005176114,-1.492888043
186,1.812028168,0.163374643,-1.648653525
187,3.487117008,1.081397435,-2.405719573
188,2.412922037,1.208792377,-1.204129661
189,2.210919406,1.400431426,-0.81048798
190,5.684089197,1.561627618,-4.122461579
191,4.267959763,1.08035631,-3.187603453
192,5.367537096,1.361380599,-4.006156497
193,6.374643873,2.536496919,-3.838146954
194,3.125620533,1.014830237,-2.110790296
195,5.490971517,0.663895075,-4.827076442
196,3.116347796,2.281330272,-0.835017524
197,5.667747285,2.048509802,-3.619237484
198,3.650036116,1.522606548,-2.127429568
199,7.00043075,4.616821388,-2.383609362
200,3.132968765,0.870190356,-2.262778409
201,6.011548926,2.694160709,-3.317388217
202,5.34927344,2.228613815,-3.120659624
203,4.451355327,2.640367573,-1.810987754
204,4.848521467,1.744333369,-3.104188098
205,2.901735569,1.03846255,-1.863273019
206,4.120519774,1.238513032,-2.882006742
207,5.389699987,2.968666903,-2.421033084
208,3.823052179,1.876298856,-1.946753323
209,3.12445557,0.714331595,-2.410123975
210,6.164158745,4.198768394,-1.965390351
211,4.413650103,2.591076585,-1.822573517
212,3.125499407,0.813038477,-2.312460929
213,4.23223474,0.70374987,-3.528484869
214,4.249854735,1.695825325,-2.55402941
215,6.665765487,1.446444869,-5.219320618
216,4.956128756,0.975382606,-3.98074615
217,3.158913318,0.470767318,-2.688146001
218,3.396660036,1.400357393,-1.996302643
219,4.613975892,1.183150527,-3.430825365
220,2.624875093,0.842557661,-1.782317432
221,3.429750111,1.622493122,-1.807256989
222,2.705207356,0.919575475,-1.785631881
223,2.295933246,0.747143308,-1.548789938
224,3.922260818,1.088505137,-2.83375568
225,3.918976447,2.390489152,-1.528487296
226,6.287434212,2.060130933,-4.227303278
227,6.207237747,3.780637127,-2.42660062
228,7.506802855,2.168185125,-5.33861773
229,5.884931437,0.793780667,-5.09115077
230,6.500629827,1.306701005,-5.193928822
231,4.767582958,2.442941891,-2.324641067
232,6.062820045,0.568419213,-5.494400832
233,3.347049585,1.07978003,-2.267269555
234,4.766868607,0.583893801,-4.182974806
235,7.813771928,2.520683062,-5.293088866
236,5.828174859,1.866150118,-3.96202474
237,5.766156677,2.381569137,-3.384587541
238,4.549376286,0.641197321,-3.908178965
239,6.380245795,2.872379586,-3.507866209
240,1.905391225,0.357548614,-1.547842611
241,3.380092703,1.294842396,-2.085250307
242,4.669240946,1.130882591,-3.538358355
243,6.372112219,0.944631271,-5.427480948
244,5.119758975,2.339252995,-2.78050598
245,5.468034464,1.530200733,-3.937833731
246,6.843972888,3.487941076,-3.356031812
247,4.637366868,0.676487644,-3.960879225
248,5.118194766,1.850272553,-3.267922213
249,3.734484964,1.529118398,-2.205366566
250,7.526270081,3.544398055,-3.981872026
251,5.435596038,1.745796272,-3.689799766
252,3.320802891,1.103586843,-2.217216048
253,3.682556755,0.171641693,-3.510915062
254,8.506162771,1.773034097,-6.733128675
255,3.40612937,1.062169431,-2.343959939
256,6.475454041,1.120359784,-5.355094257
257,4.651288652,1.5142477,-3.137040952
258,4.392003158,2.733006382,-1.658996776
259,3.083766618,1.396613127,-1.687153491
260,2.506588072,1.174996755,-1.331591317
261,5.103761359,1.011358649,-4.09240271
262,3.954163046,1.461405969,-2.492757077
263,6.257893725,1.484837825,-4.773055901
264,4.274614092,1.469686805,-2.804927286
265,5.763821997,1.342873788,-4.420948208
266,5.242342286,0.531235293,-4.711106993
267,4.272215178,2.742493436,-1.529721741
268,3.184295934,0.910308639,-2.273987295
269,5.276137863,1.953164019,-3.322973844
270,3.599359214,0.801437845,-2.797921369
271,5.768158468,1.183310106,-4.584848362
272,3.384054568,1.831810092,-1.552244476
273,5.003298852,2.543952493,-2.459346359
274,2.021624919,0.823564576,-1.198060342
275,5.430535555,0.737564383,-4.692971171
276,3.729301369,1.871320329,-1.85798104
277,5.010673878,1.468691702,-3.541982176
278,5.090143823,2.40764118,-2.682502643
279,5.226415361,2.461009574,-2.765405787
280,6.640732984,1.674294334,-4.96643865
281,4.015281437,2.297132522,-1.718148915
282,5.067071603,2.467250083,-2.59982152
283,3.725997332,0.678490807,-3.047506525
284,6.529447303,2.290314112,-4.239133192
285,4.218757773,0.82201537,-3.396742402
286,4.111390778,1.788005848,-2.32338493
287,4.780756294,0.471599952,-4.309156342
288,3.464788203,1.549010644,-1.915777559
289,6.057463389,3.963401501,-2.094061889
290,3.310080311,0.536898994,-2.773181317
291,6.866391024,3.20837767,-3.658013354
292,3.785107778,1.187984667,-2.597123111
293,4.15110038,2.041229663,-2.109870717
294,8.044831436,2.030465158,-6.014366278
295,6.569109841,1.983146662,-4.585963179
296,5.853888699,2.861188016,-2.992700683
297,2.763568388,0.656958818,-2.10660957
298,4.819013132,1.847035513,-2.971977619
299,7.444813153,2.002887449,-5.441925703
300,7.854138649,2.618332912,-5.235805736
301,3.811646152,1.509437699,-2.302208453
302,5.262731166,0.724857471,-4.537873695
303,8.966376688,2.659971117,-6.306405571
304,4.834695531,2.477720697,-2.356974833
305,5.855505722,2.374791005,-3.480714717
306,7.880000511,3.243395526,-4.636604986
307,7.641853688,1.708143832,-5.933709856
308,4.5700299,1.738006091,-2.832023808
309,5.492046855,2.273380672,-3.218666183
310,6.429408398,2.878034899,-3.551373499
311,6.700305375,1.652902672,-5.047402703
312,4.640995201,2.850583406,-1.790411795
313,5.987868719,1.960463079,-4.02740564
314,5.365013786,1.455518858,-3.909494928
315,7.401438088,1.642258759,-5.759179329
316,5.546644173,0.882650755,-4.663993418
317,5.515547315,0.917739584,-4.597807731
318,4.087355302,1.300391618,-2.786963683
319,6.179166297,1.842956793,-4.336209503
320,5.886844185,2.270954796,-3.61588939
321,5.012006317,2.017251087,-2.99475523
322,6.399757902,1.240364444,-5.159393458
323,4.159512729,2.09273563,-2.066777099
324,4.142577282,2.405299801,-1.73727748
325,5.424892841,1.99923011,-3.425662732
326,3.546296353,2.234823789,-1.311472564
327,4.43475695,2.417661376,-2.017095575
328,6.098678432,0.505337976,-5.593340456
329,6.877722182,2.329266047,-4.548456135
330,4.836256765,0.486987359,-4.349269406
331,7.553408786,2.986689441,-4.566719345
332,5.79534701,1.25103853,-4.54430848
333,7.58568458,1.383692204,-6.201992376
334,7.750147047,1.690240837,-6.05990621
335,4.26640091,1.227807795,-3.038593115
336,4.718283245,1.846952514,-2.87133073
337,2.333688504,0.151296756,-2.182391748
338,5.498701648,1.214606554,-4.284095095
339,7.520181133,2.764772665,-4.755408468
340,5.907873965,1.930424055,-3.97744991
341,6.287373741,2.29704839,-3.990325351
342,7.192635469,2.023474773,-5.169160696
343,5.125878228,1.455368088,-3.67051014
344,7.086555174,3.440005759,-3.646549414
345,9.744885563,3.567777467,-6.177108096
346,4.921961928,0.782078981,-4.139882947
347,10.01848456,0.993451166,-9.025033395
348,7.24181214,2.621822466,-4.619989674
349,6.01957038,1.382311169,-4.637259211
350,6.237330405,3.12582779,-3.111502615
351,12.22019491,3.544907541,-8.675287373
352,7.56565883,3.23908894,-4.32656989
353,6.919805058,1.764044316,-5.155760742
354,7.498156391,3.08386648,-4.414289911
355,10.1760973,3.070986993,-7.10511031
356,11.26011658,3.951126059,-7.30899052
357,12.95040171,2.027084729,-10.92331698
358,8.814126189,3.435164495,-5.378961695
359,7.947493882,1.418721848,-6.528772034
360,12.65747611,6.190897085,-6.466579021
361,9.089979165,1.909094236,-7.180884929
362,8.69757395,2.828844717,-5.868729234
363,9.708547505,3.628854666,-6.079692839
364,7.648914376,1.815030107,-5.833884269
365,8.023897273,3.640656141,-4.383241133
366,8.82293061,1.622499361,-7.200431249
367,7.457761257,3.150606308,-4.307154949
368,5.673904403,1.325370077,-4.348534326
369,6.710119829,1.759749269,-4.950370561
370,4.956532041,1.768570754,-3.187961287
371,7.774940912,2.401155832,-5.37378508
372,3.735429364,1.530824832,-2.204604532
373,6.485603092,3.975390521,-2.51021257
374,4.683457826,1.408654976,-3.274802849
375,5.165760434,0.605157445,-4.56060299
376,5.923152789,1.564488673,-4.358664116
377,3.950350308,1.516810507,-2.433539801
378,5.629554818,0.87160233,-4.757952488
379,10.34809036,1.329597891,-9.01849247
380,4.51391837,1.345224518,-3.168693852
381,3.607783021,0.887457346,-2.720325675
382,7.256927102,2.01169227,-5.245234832
383,6.376083605,1.434595523,-4.941488082
384,9.141596883,1.148556917,-7.993039965
385,7.269319432,1.203560003,-6.065759429
386,7.434958045,3.232855887,-4.202102158
387,8.39243936,1.427477839,-6.964961521
388,7.290736988,1.928230781,-5.362506207
389,6.863594306,2.313579841,-4.550014466
390,5.879263261,1.153035903,-4.726227359
391,5.976042745,1.733334486,-4.242708259
392,4.233888861,1.376259616,-2.857629245
393,5.642243473,1.82234771,-3.819895763
394,6.530160616,2.573374743,-3.956785873
395,6.703635278,4.491292959,-2.212342319
396,7.236643807,1.307643658,-5.92900015
397,9.003422485,3.233655034,-5.769767451
398,7.575214031,2.936720226,-4.638493805
399,4.674225334,2.200928293,-2.473297041
400,5.949425669,1.504729557,-4.444696112
401,5.485703243,2.507734103,-2.97796914
402,8.259251665,2.113043598,-6.146208066
403,3.306505367,1.857852212,-1.448653156
404,3.207564665,1.727676909,-1.479887755
405,5.761837305,3.426862875,-2.33497443
406,6.432991632,3.259445268,-3.173546364
407,5.437507081,2.853423315,-2.584083766
408,4.741319359,0.725048175,-4.016271183
409,4.961109159,1.03304918,-3.928059979
410,2.238521509,0.437230324,-1.801291185
411,4.573433296,1.449618566,-3.12381473
412,5.841611223,3.154537151,-2.687074072
413,5.237060925,1.189400658,-4.047660268
414,6.280528773,1.497850328,-4.782678446
415,10.02398791,2.844848601,-7.179139312
416,10.89921477,0.544922219,-10.35429256
417,6.593023659,0.914209839,-5.678813821
418,8.437442691,1.897424006,-6.540018685
419,7.078659524,1.315543565,-5.763115959
420,6.15257114,0.957935851,-5.194635289
421,6.646846508,2.209807435,-4.437039073
422,5.841746819,3.185710122,-2.656036697
423,5.031599441,3.280639776,-1.750959665
424,4.037156987,1.357687209,-2.679469777
425,8.154071172,1.029931192,-7.12413998
426,4.942709875,1.84181728,-3.100892595
427,5.1551584,1.35646902,-3.798689381
428,8.122679178,1.512975329,-6.609703848
429,9.081509194,0.822869615,-8.258639579
430,7.9319422,2.729841536,-5.202100664
431,7.086763362,1.238610355,-5.848153008
432,6.397876049,1.26069161,-5.137184438
433,6.599760742,1.650977258,-4.948783484
434,5.613141057,1.964534819,-3.648606238
435,8.627609618,4.91313201,-3.714477608
436,6.715284156,2.314502303,-4.400781853
437,7.241116156,2.360935254,-4.880180902
438,8.744341131,1.800084283,-6.944256849
439,12.54689027,2.573462881,-9.973427393
440,4.637322781,1.348684441,-3.288638341
441,5.916498223,0.982744734,-4.933753489
442,6.446404939,1.07770556,-5.368699378
443,6.850861329,2.87358311,-3.977278219
444,11.02829524,0.608571053,-10.41972418
445,8.020620357,4.049199459,-3.971420898
446,11.53266638,5.281386483,-6.2512799
447,6.688020297,1.723562122,-4.964458175
448,4.116314615,0.504970112,-3.611344503
449,3.446954625,1.801775402,-1.645179223
450,4.589799511,1.505325497,-3.084474014
451,3.250723578,2.056981262,-1.193742316
452,4.554519845,2.513000487,-2.041519358
453,3.19940327,1.420492446,-1.778910824
454,5.017935011,2.032676094,-2.985258917
455,4.155671485,2.584166325,-1.57150516
456,5.426173977,1.705306573,-3.720867404
457,4.752329111,2.379884911,-2.3724442
458,5.950833329,2.969617438,-2.981215891
459,2.027606594,0.943704494,-1.0839021
460,2.744222762,1.078830884,-1.665391879
461,4.592131132,1.20333751,-3.388793622
462,4.607060405,2.194736901,-2.412323504
463,9.792271746,6.502286996,-3.28998475
464,5.997027265,2.326237157,-3.670790108
465,2.074160404,0.449446292,-1.624714113
466,16.37170952,16.32973874,-0.041970779
467,6.714831159,3.8813583,-2.833472859
468,6.582460895,4.594838335,-1.987622561
469,5.237411614,0.108398918,-5.129012696
470,2.12151945,1.006717581,-1.114801869
471,2.647696758,1.488192382,-1.159504376
472,3.451244815,2.215049167,-1.236195648
473,2.380733396,1.297561593,-1.083171803
474,4.706590092,1.896540319,-2.810049773
475,2.825023673,1.644951246,-1.180072427
476,1.207994552,0.263347539,-0.944647013
477,1.629957854,0.713978012,-0.915979842
478,5.742390124,1.384581601,-4.357808523
479,3.398390851,1.84385436,-1.554536491
480,2.359465008,2.352618333,-0.006846676
481,3.253988087,0.792875469,-2.461112618
482,3.295337253,2.132436368,-1.162900884
483,0.564234039,0.127982647,-0.436251392
484,2.422056259,1.993861714,-0.428194545
485,0.927161605,0.692869819,-0.234291786
486,2.80467608,2.713810346,-0.090865734
487,1.52446183,1.355241254,-0.169220576
488,6.405263269,1.703424813,-4.701838455
489,3.041638003,0.412543186,-2.629094817
490,2.04139111,1.84785555,-0.19353556
491,0.779962438,0.56664707,-0.213315368
492,1.208552147,0.865049098,-0.343503049
493,1.143535416,0.21079707,-0.932738346
494,1.592947994,1.436947696,-0.156000298
495,1.2041716,0.988095565,-0.216076035
496,0.64350545,0.439303901,-0.204201549
497,3.005908958,1.255665916,-1.750243043
498,1.406440776,0.425394532,-0.981046244
499,1.771205678,0.965573886,-0.805631792
500,1.694202842,0.471375784,-1.222827058
501,1.477529427,1.446950165,-0.030579262
502,2.272439019,0.595647678,-1.676791341
503,2.087167588,1.584586599,-0.502580989
504,1.005450834,0.356643614,-0.64880722
505,3.712740783,2.64132163,-1.071419152
506,1.861917605,1.038062139,-0.823855466
507,4.046012908,2.425009987,-1.621002921
508,4.430851861,1.169954454,-3.260897407
509,1.512895437,0.974328781,-0.538566657
510,2.621159298,0.684971207,-1.936188091
511,5.016604615,1.50624577,-3.510358845
512,2.645127417,1.226540356,-1.418587061
513,5.352851347,2.599012317,-2.75383903
514,4.111192023,2.692397522,-1.418794501
515,4.661932545,1.302032192,-3.359900353
516,2.651012222,1.290851871,-1.360160351
517,4.556821597,2.711561951,-1.845259646
518,3.24347246,1.139523702,-2.103948759
519,4.225941458,1.224171541,-3.001769917
520,2.391387868,0.708283921,-1.683103946
521,4.218156337,1.141548473,-3.076607863
522,3.903176743,0.239599825,-3.663576918
523,6.159049783,2.865968729,-3.293081054
524,4.40148399,2.369820222,-2.031663767
525,2.156822826,1.238029816,-0.91879301
526,4.257120839,2.6449461,-1.612174738
527,5.806451734,2.15710175,-3.649349984
528,4.06557518,1.592189906,-2.473385274
529,5.331065224,1.388094388,-3.942970836
530,1.577141087,0.236778282,-1.340362805
531,4.672895164,0.550840317,-4.122054846
532,4.142209783,1.157385879,-2.984823904
533,3.805975181,1.087851868,-2.718123313
534,3.491736093,2.014914833,-1.47682126
535,4.267918492,1.121228062,-3.14669043
536,1.853906746,0.815594171,-1.038312575
537,1.727040404,0.092068675,-1.634971729
538,2.829722202,0.382389692,-2.44733251
539,4.893838019,2.936920378,-1.956917641
540,2.252763581,1.202644589,-1.050118992
541,2.252180917,0.365135701,-1.887045215
542,5.103015046,0.955979129,-4.147035917
543,5.548147511,1.78533398,-3.762813531
544,6.906452628,2.06007041,-4.846382218
545,3.782449928,1.835707458,-1.94674247
546,1.147075994,0.528306041,-0.618769954
547,3.283277403,1.221722105,-2.061555298
548,9.012490201,0.420045809,-8.592444392
549,5.165623086,2.226080942,-2.939542144
550,3.759763859,1.19396483,-2.565799029
551,3.592753496,1.43270386,-2.160049636
552,1.751099146,1.049752423,-0.701346723
553,4.517521561,2.054116501,-2.46340506
554,7.241544378,2.587345618,-4.654198761
555,4.004130663,0.61313836,-3.390992303
556,3.331490269,1.90395123,-1.427539038
557,3.682752507,2.0379838,-1.644768707
558,3.583548899,1.231855585,-2.351693314
559,3.304099644,1.930798397,-1.373301247
560,2.334783085,1.826712795,-0.50807029
561,6.139911777,3.78926729,-2.350644488
562,3.653978191,1.193261361,-2.46071683
563,2.548402807,0.176443207,-2.3719596
564,3.730331276,2.096816347,-1.633514929
565,19.34766606,18.60098212,-0.746683937
566,10.77076888,5.929192663,-4.841576214
567,41.17551912,41.02162734,-0.153891775
568,4.960441606,2.66510306,-2.295338545
569,4.38062045,2.871651948,-1.508968502
570,5.56169979,1.433463303,-4.128236487
571,3.455741652,0.826985476,-2.628756176
572,4.791896675,1.017164267,-3.774732408
573,7.477518176,3.055452702,-4.422065474
574,7.543869301,4.087038397,-3.456830904
575,5.746976839,3.427265869,-2.31971097
576,5.109218945,2.386178627,-2.723040317
577,4.192404596,1.143554459,-3.048850138
578,8.316763364,1.699998673,-6.616764691
579,7.553440941,1.146826869,-6.406614073
580,5.057321869,1.749123484,-3.308198385
581,6.037824947,1.735985011,-4.301839936
582,6.71851825,2.002670555,-4.715847695
583,7.346991755,1.317373629,-6.029618126
584,5.997294681,0.953021874,-5.044272807
585,5.074853929,1.784189419,-3.29066451
586,9.006854835,3.063933718,-5.942921118
587,5.881610167,2.166306873,-3.715303294
588,8.851541901,7.549029983,-1.302511919
589,3.736440238,1.036125005,-2.700315233
590,8.387443718,4.082161382,-4.305282336
591,10.32960523,9.229271385,-1.100333846
592,5.584221447,2.989550284,-2.594671164
593,8.914793433,7.432800624,-1.481992809
594,6.408551958,3.009296525,-3.399255433
595,8.916621753,6.569346782,-2.347274971
596,3.715314792,1.919518433,-1.795796359
597,4.290326965,0.64224875,-3.648078215
598,10.51474438,8.207639519,-2.307104862
599,8.131668436,4.761728473,-3.369939963
600,3.673539068,1.169361662,-2.504177406
601,15.28033034,14.47312963,-0.807200704
602,13.10954013,11.71144333,-1.3980968
603,3.598175878,1.144735655,-2.453440223
604,4.614922864,3.299307534,-1.31561533
605,5.550260628,3.26977263,-2.280487997
606,2.753581891,0.80088846,-1.95269343
607,2.964851265,1.83977842,-1.125072844
608,2.787036194,1.536974836,-1.250061358
609,4.883776572,2.10912092,-2.774655652
610,5.567157107,2.230349223,-3.336807884
611,10.10447286,8.590499241,-1.513973622
612,5.918345754,1.688625695,-4.229720059
613,6.254388206,3.303499503,-2.950888703
614,5.718997144,3.429062346,-2.289934798
615,3.738327459,1.84713245,-1.891195009
616,6.359867427,3.374533671,-2.985333756
617,5.48857767,1.731974009,-3.756603661
618,6.674209452,4.020422665,-2.653786787
619,7.146035426,2.652979376,-4.49305605
620,4.269937976,3.13275332,-1.137184656
621,6.356215617,1.588411196,-4.767804421
622,5.712026747,2.440400343,-3.271626404
623,4.92100537,1.410831412,-3.510173958
624,6.413727544,3.51291295,-2.900814594
625,5.553868506,2.676741725,-2.877126781
626,4.47549397,1.359574416,-3.115919554
627,5.251706956,1.633001274,-3.618705682
628,7.39158753,1.318659679,-6.07292785
629,5.49711137,2.065779106,-3.431332264
630,5.478082549,1.73298208,-3.745100469
631,5.275865412,3.095724433,-2.180140978
632,2.837641207,1.623358789,-1.214282417
633,2.225309403,0.376096114,-1.849213289
634,3.570045419,2.135810685,-1.434234734
635,4.092630422,1.827584289,-2.265046134
636,5.500958828,2.06233574,-3.438623088
637,4.914588991,1.910150661,-3.00443833
638,7.269201037,2.302578169,-4.966622867
639,6.073305242,0.960904398,-5.112400844
640,9.193713481,4.171583849,-5.022129632
641,4.439618078,1.836630074,-2.602988003
642,3.996930332,1.918728263,-2.078202069
643,4.051663804,1.05135722,-3.000306584
644,5.88661578,3.415766384,-2.470849396
645,7.287868057,2.497338995,-4.790529062
646,8.088389245,2.008735924,-6.079653321
647,6.602801373,2.628916363,-3.97388501
648,7.433201802,2.41148372,-5.021718082
649,7.868312994,1.699245782,-6.169067212
650,6.537360074,2.243792113,-4.29356796
651,5.167015416,1.778999215,-3.388016201
652,6.891040525,2.587658544,-4.303381981
653,8.117964373,3.929722229,-4.188242145
654,5.485238751,1.915817916,-3.569420835
655,4.548266691,1.79938372,-2.748882972
656,7.728096277,1.291746086,-6.436350191
657,3.971109936,2.220056766,-1.75105317
658,4.668027259,2.339666851,-2.328360408
659,6.310736042,2.982153389,-3.328582653
660,6.181848776,3.084950545,-3.096898231
661,10.5351183,1.987018718,-8.548099578